"{""BetItems"":[{""BetNo"":""206202"",""Odds"":""2"",""BetMoney"":""2""},{""BetNo"":""200302"",""Odds"":""2"",""BetMoney"":""2""}],""LotteryId"":2,""UseLastOdds"":1}"
"{""BetItems"":[{""BetNo"":""201302"",""Odds"":""2"",""BetMoney"":""2""},{""BetNo"":""206302"",""Odds"":""2"",""BetMoney"":""2""}],""LotteryId"":2,""UseLastOdds"":1}"
"{""BetItems"":[{""BetNo"":""202401"",""Odds"":""2"",""BetMoney"":""2""}],""LotteryId"":2,""UseLastOdds"":1}"
"{""BetItems"":[{""BetNo"":""202401"",""Odds"":""2"",""BetMoney"":""2""}],""LotteryId"":2,""UseLastOdds"":1}"
"{""BetItems"":[{""BetNo"":""209302"",""Odds"":""2"",""BetMoney"":""2""},{""BetNo"":""204302"",""Odds"":""2"",""BetMoney"":""2""}],""LotteryId"":2,""UseLastOdds"":1}"
"{""BetItems"":[{""BetNo"":""210301"",""Odds"":""2"",""BetMoney"":""2""}],""LotteryId"":2,""UseLastOdds"":1}"
"{""BetItems"":[{""BetNo"":""205401"",""Odds"":""2"",""BetMoney"":""2""}],""LotteryId"":2,""UseLastOdds"":1}"
"{""BetItems"":[{""BetNo"":""200301"",""Odds"":""2"",""BetMoney"":""2""},{""BetNo"":""205402"",""Odds"":""2"",""BetMoney"":""2""},{""BetNo"":""203202"",""Odds"":""2"",""BetMoney"":""2""},{""BetNo"":""203401"",""Odds"":""2"",""BetMoney"":""2""},{""BetNo"":""208301"",""Odds"":""2"",""BetMoney"":""2""}],""LotteryId"":2,""UseLastOdds"":1}"
"{""BetItems"":[{""BetNo"":""204402"",""Odds"":""2"",""BetMoney"":""2""}],""LotteryId"":2,""UseLastOdds"":1}"
"{""BetItems"":[{""BetNo"":""203201"",""Odds"":""2"",""BetMoney"":""2""}],""LotteryId"":2,""UseLastOdds"":1}"
"{""BetItems"":[{""BetNo"":""206302"",""Odds"":""2"",""BetMoney"":""2""}],""LotteryId"":2,""UseLastOdds"":1}"
"{""BetItems"":[{""BetNo"":""203302"",""Odds"":""2"",""BetMoney"":""2""}],""LotteryId"":2,""UseLastOdds"":1}"
"{""BetItems"":[{""BetNo"":""200302"",""Odds"":""2"",""BetMoney"":""2""},{""BetNo"":""201402"",""Odds"":""2"",""BetMoney"":""2""}],""LotteryId"":2,""UseLastOdds"":1}"
"{""BetItems"":[{""BetNo"":""203202"",""Odds"":""2"",""BetMoney"":""2""},{""BetNo"":""207201"",""Odds"":""2"",""BetMoney"":""2""},{""BetNo"":""204301"",""Odds"":""2"",""BetMoney"":""2""},{""BetNo"":""205202"",""Odds"":""2"",""BetMoney"":""2""}],""LotteryId"":2,""UseLastOdds"":1}"
"{""BetItems"":[{""BetNo"":""206301"",""Odds"":""2"",""BetMoney"":""2""}],""LotteryId"":2,""UseLastOdds"":1}"
"{""BetItems"":[{""BetNo"":""208201"",""Odds"":""2"",""BetMoney"":""2""}],""LotteryId"":2,""UseLastOdds"":1}"
"{""BetItems"":[{""BetNo"":""208301"",""Odds"":""2"",""BetMoney"":""2""}],""LotteryId"":2,""UseLastOdds"":1}"
"{""BetItems"":[{""BetNo"":""206301"",""Odds"":""2"",""BetMoney"":""2""}],""LotteryId"":2,""UseLastOdds"":1}"
"{""BetItems"":[{""BetNo"":""206202"",""Odds"":""2"",""BetMoney"":""2""}],""LotteryId"":2,""UseLastOdds"":1}"
"{""BetItems"":[{""BetNo"":""210201"",""Odds"":""2"",""BetMoney"":""2""}],""LotteryId"":2,""UseLastOdds"":1}"
"{""BetItems"":[{""BetNo"":""208202"",""Odds"":""2"",""BetMoney"":""2""}],""LotteryId"":2,""UseLastOdds"":1}"
"{""BetItems"":[{""BetNo"":""206302"",""Odds"":""2"",""BetMoney"":""2""},{""BetNo"":""205201"",""Odds"":""2"",""BetMoney"":""2""}],""LotteryId"":2,""UseLastOdds"":1}"
"{""BetItems"":[{""BetNo"":""206302"",""Odds"":""2"",""BetMoney"":""2""}],""LotteryId"":2,""UseLastOdds"":1}"
"{""BetItems"":[{""BetNo"":""206301"",""Odds"":""2"",""BetMoney"":""2""}],""LotteryId"":2,""UseLastOdds"":1}"
"{""BetItems"":[{""BetNo"":""208301"",""Odds"":""2"",""BetMoney"":""2""}],""LotteryId"":2,""UseLastOdds"":1}"
"{""BetItems"":[{""BetNo"":""203401"",""Odds"":""2"",""BetMoney"":""2""},{""BetNo"":""210302"",""Odds"":""2"",""BetMoney"":""2""}],""LotteryId"":2,""UseLastOdds"":1}"
"{""BetItems"":[{""BetNo"":""202202"",""Odds"":""2"",""BetMoney"":""2""}],""LotteryId"":2,""UseLastOdds"":1}"
"{""BetItems"":[{""BetNo"":""205202"",""Odds"":""2"",""BetMoney"":""2""},{""BetNo"":""205402"",""Odds"":""2"",""BetMoney"":""2""},{""BetNo"":""208201"",""Odds"":""2"",""BetMoney"":""2""},{""BetNo"":""205202"",""Odds"":""2"",""BetMoney"":""2""}],""LotteryId"":2,""UseLastOdds"":1}"
"{""BetItems"":[{""BetNo"":""205302"",""Odds"":""2"",""BetMoney"":""2""}],""LotteryId"":2,""UseLastOdds"":1}"
"{""BetItems"":[{""BetNo"":""202402"",""Odds"":""2"",""BetMoney"":""2""}],""LotteryId"":2,""UseLastOdds"":1}"
"{""BetItems"":[{""BetNo"":""205302"",""Odds"":""2"",""BetMoney"":""2""}],""LotteryId"":2,""UseLastOdds"":1}"
"{""BetItems"":[{""BetNo"":""210302"",""Odds"":""2"",""BetMoney"":""2""},{""BetNo"":""206202"",""Odds"":""2"",""BetMoney"":""2""},{""BetNo"":""202302"",""Odds"":""2"",""BetMoney"":""2""}],""LotteryId"":2,""UseLastOdds"":1}"
"{""BetItems"":[{""BetNo"":""209201"",""Odds"":""2"",""BetMoney"":""2""}],""LotteryId"":2,""UseLastOdds"":1}"
"{""BetItems"":[{""BetNo"":""202302"",""Odds"":""2"",""BetMoney"":""2""}],""LotteryId"":2,""UseLastOdds"":1}"
"{""BetItems"":[{""BetNo"":""203201"",""Odds"":""2"",""BetMoney"":""2""}],""LotteryId"":2,""UseLastOdds"":1}"
"{""BetItems"":[{""BetNo"":""206201"",""Odds"":""2"",""BetMoney"":""2""}],""LotteryId"":2,""UseLastOdds"":1}"
"{""BetItems"":[{""BetNo"":""206301"",""Odds"":""2"",""BetMoney"":""2""},{""BetNo"":""205202"",""Odds"":""2"",""BetMoney"":""2""}],""LotteryId"":2,""UseLastOdds"":1}"
"{""BetItems"":[{""BetNo"":""205302"",""Odds"":""2"",""BetMoney"":""2""},{""BetNo"":""204201"",""Odds"":""2"",""BetMoney"":""2""},{""BetNo"":""201201"",""Odds"":""2"",""BetMoney"":""2""}],""LotteryId"":2,""UseLastOdds"":1}"
"{""BetItems"":[{""BetNo"":""203302"",""Odds"":""2"",""BetMoney"":""2""},{""BetNo"":""204401"",""Odds"":""2"",""BetMoney"":""2""}],""LotteryId"":2,""UseLastOdds"":1}"
"{""BetItems"":[{""BetNo"":""201401"",""Odds"":""2"",""BetMoney"":""2""}],""LotteryId"":2,""UseLastOdds"":1}"
"{""BetItems"":[{""BetNo"":""206301"",""Odds"":""2"",""BetMoney"":""2""}],""LotteryId"":2,""UseLastOdds"":1}"
"{""BetItems"":[{""BetNo"":""205401"",""Odds"":""2"",""BetMoney"":""2""}],""LotteryId"":2,""UseLastOdds"":1}"
"{""BetItems"":[{""BetNo"":""201402"",""Odds"":""2"",""BetMoney"":""2""}],""LotteryId"":2,""UseLastOdds"":1}"
"{""BetItems"":[{""BetNo"":""204302"",""Odds"":""2"",""BetMoney"":""2""}],""LotteryId"":2,""UseLastOdds"":1}"
"{""BetItems"":[{""BetNo"":""207302"",""Odds"":""2"",""BetMoney"":""2""}],""LotteryId"":2,""UseLastOdds"":1}"
"{""BetItems"":[{""BetNo"":""204401"",""Odds"":""2"",""BetMoney"":""2""}],""LotteryId"":2,""UseLastOdds"":1}"
"{""BetItems"":[{""BetNo"":""205402"",""Odds"":""2"",""BetMoney"":""2""},{""BetNo"":""206302"",""Odds"":""2"",""BetMoney"":""2""}],""LotteryId"":2,""UseLastOdds"":1}"
"{""BetItems"":[{""BetNo"":""203401"",""Odds"":""2"",""BetMoney"":""2""},{""BetNo"":""206202"",""Odds"":""2"",""BetMoney"":""2""}],""LotteryId"":2,""UseLastOdds"":1}"
"{""BetItems"":[{""BetNo"":""204201"",""Odds"":""2"",""BetMoney"":""2""}],""LotteryId"":2,""UseLastOdds"":1}"
"{""BetItems"":[{""BetNo"":""204201"",""Odds"":""2"",""BetMoney"":""2""}],""LotteryId"":2,""UseLastOdds"":1}"
"{""BetItems"":[{""BetNo"":""203301"",""Odds"":""2"",""BetMoney"":""2""}],""LotteryId"":2,""UseLastOdds"":1}"
"{""BetItems"":[{""BetNo"":""200202"",""Odds"":""2"",""BetMoney"":""2""},{""BetNo"":""204401"",""Odds"":""2"",""BetMoney"":""2""},{""BetNo"":""205202"",""Odds"":""2"",""BetMoney"":""2""},{""BetNo"":""202201"",""Odds"":""2"",""BetMoney"":""2""},{""BetNo"":""208201"",""Odds"":""2"",""BetMoney"":""2""},{""BetNo"":""208202"",""Odds"":""2"",""BetMoney"":""2""}],""LotteryId"":2,""UseLastOdds"":1}"
"{""BetItems"":[{""BetNo"":""201402"",""Odds"":""2"",""BetMoney"":""2""}],""LotteryId"":2,""UseLastOdds"":1}"
"{""BetItems"":[{""BetNo"":""203401"",""Odds"":""2"",""BetMoney"":""2""},{""BetNo"":""206301"",""Odds"":""2"",""BetMoney"":""2""}],""LotteryId"":2,""UseLastOdds"":1}"
"{""BetItems"":[{""BetNo"":""210201"",""Odds"":""2"",""BetMoney"":""2""},{""BetNo"":""207201"",""Odds"":""2"",""BetMoney"":""2""}],""LotteryId"":2,""UseLastOdds"":1}"
"{""BetItems"":[{""BetNo"":""202201"",""Odds"":""2"",""BetMoney"":""2""},{""BetNo"":""209202"",""Odds"":""2"",""BetMoney"":""2""}],""LotteryId"":2,""UseLastOdds"":1}"
"{""BetItems"":[{""BetNo"":""209301"",""Odds"":""2"",""BetMoney"":""2""}],""LotteryId"":2,""UseLastOdds"":1}"
"{""BetItems"":[{""BetNo"":""201301"",""Odds"":""2"",""BetMoney"":""2""}],""LotteryId"":2,""UseLastOdds"":1}"
"{""BetItems"":[{""BetNo"":""205402"",""Odds"":""2"",""BetMoney"":""2""},{""BetNo"":""200201"",""Odds"":""2"",""BetMoney"":""2""},{""BetNo"":""206201"",""Odds"":""2"",""BetMoney"":""2""},{""BetNo"":""203401"",""Odds"":""2"",""BetMoney"":""2""},{""BetNo"":""204202"",""Odds"":""2"",""BetMoney"":""2""},{""BetNo"":""201201"",""Odds"":""2"",""BetMoney"":""2""},{""BetNo"":""209301"",""Odds"":""2"",""BetMoney"":""2""},{""BetNo"":""204301"",""Odds"":""2"",""BetMoney"":""2""},{""BetNo"":""209202"",""Odds"":""2"",""BetMoney"":""2""}],""LotteryId"":2,""UseLastOdds"":1}"
"{""BetItems"":[{""BetNo"":""203301"",""Odds"":""2"",""BetMoney"":""2""},{""BetNo"":""204401"",""Odds"":""2"",""BetMoney"":""2""}],""LotteryId"":2,""UseLastOdds"":1}"
"{""BetItems"":[{""BetNo"":""202202"",""Odds"":""2"",""BetMoney"":""2""}],""LotteryId"":2,""UseLastOdds"":1}"
"{""BetItems"":[{""BetNo"":""208202"",""Odds"":""2"",""BetMoney"":""2""}],""LotteryId"":2,""UseLastOdds"":1}"
"{""BetItems"":[{""BetNo"":""205401"",""Odds"":""2"",""BetMoney"":""2""},{""BetNo"":""201302"",""Odds"":""2"",""BetMoney"":""2""}],""LotteryId"":2,""UseLastOdds"":1}"
"{""BetItems"":[{""BetNo"":""209201"",""Odds"":""2"",""BetMoney"":""2""},{""BetNo"":""202201"",""Odds"":""2"",""BetMoney"":""2""}],""LotteryId"":2,""UseLastOdds"":1}"
"{""BetItems"":[{""BetNo"":""200301"",""Odds"":""2"",""BetMoney"":""2""},{""BetNo"":""209201"",""Odds"":""2"",""BetMoney"":""2""}],""LotteryId"":2,""UseLastOdds"":1}"
"{""BetItems"":[{""BetNo"":""205401"",""Odds"":""2"",""BetMoney"":""2""}],""LotteryId"":2,""UseLastOdds"":1}"
"{""BetItems"":[{""BetNo"":""204302"",""Odds"":""2"",""BetMoney"":""2""}],""LotteryId"":2,""UseLastOdds"":1}"
"{""BetItems"":[{""BetNo"":""204301"",""Odds"":""2"",""BetMoney"":""2""},{""BetNo"":""207302"",""Odds"":""2"",""BetMoney"":""2""},{""BetNo"":""209301"",""Odds"":""2"",""BetMoney"":""2""},{""BetNo"":""209301"",""Odds"":""2"",""BetMoney"":""2""},{""BetNo"":""203302"",""Odds"":""2"",""BetMoney"":""2""},{""BetNo"":""202301"",""Odds"":""2"",""BetMoney"":""2""},{""BetNo"":""203302"",""Odds"":""2"",""BetMoney"":""2""},{""BetNo"":""207202"",""Odds"":""2"",""BetMoney"":""2""}],""LotteryId"":2,""UseLastOdds"":1}"
"{""BetItems"":[{""BetNo"":""205301"",""Odds"":""2"",""BetMoney"":""2""}],""LotteryId"":2,""UseLastOdds"":1}"
"{""BetItems"":[{""BetNo"":""205402"",""Odds"":""2"",""BetMoney"":""2""},{""BetNo"":""203301"",""Odds"":""2"",""BetMoney"":""2""}],""LotteryId"":2,""UseLastOdds"":1}"
"{""BetItems"":[{""BetNo"":""205402"",""Odds"":""2"",""BetMoney"":""2""},{""BetNo"":""202302"",""Odds"":""2"",""BetMoney"":""2""}],""LotteryId"":2,""UseLastOdds"":1}"
"{""BetItems"":[{""BetNo"":""201201"",""Odds"":""2"",""BetMoney"":""2""}],""LotteryId"":2,""UseLastOdds"":1}"
"{""BetItems"":[{""BetNo"":""203202"",""Odds"":""2"",""BetMoney"":""2""}],""LotteryId"":2,""UseLastOdds"":1}"
"{""BetItems"":[{""BetNo"":""210202"",""Odds"":""2"",""BetMoney"":""2""},{""BetNo"":""203202"",""Odds"":""2"",""BetMoney"":""2""}],""LotteryId"":2,""UseLastOdds"":1}"
"{""BetItems"":[{""BetNo"":""201201"",""Odds"":""2"",""BetMoney"":""2""}],""LotteryId"":2,""UseLastOdds"":1}"
"{""BetItems"":[{""BetNo"":""205302"",""Odds"":""2"",""BetMoney"":""2""}],""LotteryId"":2,""UseLastOdds"":1}"
"{""BetItems"":[{""BetNo"":""206202"",""Odds"":""2"",""BetMoney"":""2""}],""LotteryId"":2,""UseLastOdds"":1}"
"{""BetItems"":[{""BetNo"":""209301"",""Odds"":""2"",""BetMoney"":""2""},{""BetNo"":""203301"",""Odds"":""2"",""BetMoney"":""2""},{""BetNo"":""205401"",""Odds"":""2"",""BetMoney"":""2""},{""BetNo"":""208202"",""Odds"":""2"",""BetMoney"":""2""},{""BetNo"":""202301"",""Odds"":""2"",""BetMoney"":""2""},{""BetNo"":""208301"",""Odds"":""2"",""BetMoney"":""2""}],""LotteryId"":2,""UseLastOdds"":1}"
"{""BetItems"":[{""BetNo"":""201401"",""Odds"":""2"",""BetMoney"":""2""},{""BetNo"":""210201"",""Odds"":""2"",""BetMoney"":""2""}],""LotteryId"":2,""UseLastOdds"":1}"
"{""BetItems"":[{""BetNo"":""206301"",""Odds"":""2"",""BetMoney"":""2""}],""LotteryId"":2,""UseLastOdds"":1}"
"{""BetItems"":[{""BetNo"":""202301"",""Odds"":""2"",""BetMoney"":""2""},{""BetNo"":""208202"",""Odds"":""2"",""BetMoney"":""2""}],""LotteryId"":2,""UseLastOdds"":1}"
"{""BetItems"":[{""BetNo"":""207302"",""Odds"":""2"",""BetMoney"":""2""}],""LotteryId"":2,""UseLastOdds"":1}"
"{""BetItems"":[{""BetNo"":""203201"",""Odds"":""2"",""BetMoney"":""2""},{""BetNo"":""208202"",""Odds"":""2"",""BetMoney"":""2""}],""LotteryId"":2,""UseLastOdds"":1}"
"{""BetItems"":[{""BetNo"":""209202"",""Odds"":""2"",""BetMoney"":""2""},{""BetNo"":""203401"",""Odds"":""2"",""BetMoney"":""2""},{""BetNo"":""201402"",""Odds"":""2"",""BetMoney"":""2""},{""BetNo"":""205402"",""Odds"":""2"",""BetMoney"":""2""},{""BetNo"":""203202"",""Odds"":""2"",""BetMoney"":""2""},{""BetNo"":""205201"",""Odds"":""2"",""BetMoney"":""2""},{""BetNo"":""203301"",""Odds"":""2"",""BetMoney"":""2""}],""LotteryId"":2,""UseLastOdds"":1}"
"{""BetItems"":[{""BetNo"":""200202"",""Odds"":""2"",""BetMoney"":""2""},{""BetNo"":""205301"",""Odds"":""2"",""BetMoney"":""2""}],""LotteryId"":2,""UseLastOdds"":1}"
"{""BetItems"":[{""BetNo"":""210302"",""Odds"":""2"",""BetMoney"":""2""},{""BetNo"":""202202"",""Odds"":""2"",""BetMoney"":""2""},{""BetNo"":""201401"",""Odds"":""2"",""BetMoney"":""2""},{""BetNo"":""205402"",""Odds"":""2"",""BetMoney"":""2""}],""LotteryId"":2,""UseLastOdds"":1}"
"{""BetItems"":[{""BetNo"":""207301"",""Odds"":""2"",""BetMoney"":""2""}],""LotteryId"":2,""UseLastOdds"":1}"
"{""BetItems"":[{""BetNo"":""201302"",""Odds"":""2"",""BetMoney"":""2""},{""BetNo"":""202401"",""Odds"":""2"",""BetMoney"":""2""}],""LotteryId"":2,""UseLastOdds"":1}"
"{""BetItems"":[{""BetNo"":""201201"",""Odds"":""2"",""BetMoney"":""2""},{""BetNo"":""204301"",""Odds"":""2"",""BetMoney"":""2""},{""BetNo"":""203402"",""Odds"":""2"",""BetMoney"":""2""},{""BetNo"":""209301"",""Odds"":""2"",""BetMoney"":""2""},{""BetNo"":""206302"",""Odds"":""2"",""BetMoney"":""2""},{""BetNo"":""207201"",""Odds"":""2"",""BetMoney"":""2""}],""LotteryId"":2,""UseLastOdds"":1}"
"{""BetItems"":[{""BetNo"":""204302"",""Odds"":""2"",""BetMoney"":""2""}],""LotteryId"":2,""UseLastOdds"":1}"
"{""BetItems"":[{""BetNo"":""207201"",""Odds"":""2"",""BetMoney"":""2""},{""BetNo"":""203301"",""Odds"":""2"",""BetMoney"":""2""}],""LotteryId"":2,""UseLastOdds"":1}"
"{""BetItems"":[{""BetNo"":""205201"",""Odds"":""2"",""BetMoney"":""2""}],""LotteryId"":2,""UseLastOdds"":1}"
"{""BetItems"":[{""BetNo"":""201301"",""Odds"":""2"",""BetMoney"":""2""}],""LotteryId"":2,""UseLastOdds"":1}"
"{""BetItems"":[{""BetNo"":""206302"",""Odds"":""2"",""BetMoney"":""2""}],""LotteryId"":2,""UseLastOdds"":1}"
"{""BetItems"":[{""BetNo"":""201302"",""Odds"":""2"",""BetMoney"":""2""}],""LotteryId"":2,""UseLastOdds"":1}"
"{""BetItems"":[{""BetNo"":""205201"",""Odds"":""2"",""BetMoney"":""2""}],""LotteryId"":2,""UseLastOdds"":1}"
"{""BetItems"":[{""BetNo"":""208202"",""Odds"":""2"",""BetMoney"":""2""},{""BetNo"":""205401"",""Odds"":""2"",""BetMoney"":""2""}],""LotteryId"":2,""UseLastOdds"":1}"
"{""BetItems"":[{""BetNo"":""206202"",""Odds"":""2"",""BetMoney"":""2""},{""BetNo"":""209201"",""Odds"":""2"",""BetMoney"":""2""}],""LotteryId"":2,""UseLastOdds"":1}"
"{""BetItems"":[{""BetNo"":""209301"",""Odds"":""2"",""BetMoney"":""2""}],""LotteryId"":2,""UseLastOdds"":1}"
"{""BetItems"":[{""BetNo"":""201401"",""Odds"":""2"",""BetMoney"":""2""}],""LotteryId"":2,""UseLastOdds"":1}"
"{""BetItems"":[{""BetNo"":""209302"",""Odds"":""2"",""BetMoney"":""2""},{""BetNo"":""201202"",""Odds"":""2"",""BetMoney"":""2""}],""LotteryId"":2,""UseLastOdds"":1}"
"{""BetItems"":[{""BetNo"":""203401"",""Odds"":""2"",""BetMoney"":""2""},{""BetNo"":""208301"",""Odds"":""2"",""BetMoney"":""2""},{""BetNo"":""204402"",""Odds"":""2"",""BetMoney"":""2""},{""BetNo"":""202202"",""Odds"":""2"",""BetMoney"":""2""},{""BetNo"":""210302"",""Odds"":""2"",""BetMoney"":""2""},{""BetNo"":""208201"",""Odds"":""2"",""BetMoney"":""2""}],""LotteryId"":2,""UseLastOdds"":1}"
"{""BetItems"":[{""BetNo"":""203302"",""Odds"":""2"",""BetMoney"":""2""},{""BetNo"":""201302"",""Odds"":""2"",""BetMoney"":""2""},{""BetNo"":""209202"",""Odds"":""2"",""BetMoney"":""2""},{""BetNo"":""203302"",""Odds"":""2"",""BetMoney"":""2""},{""BetNo"":""206301"",""Odds"":""2"",""BetMoney"":""2""},{""BetNo"":""207302"",""Odds"":""2"",""BetMoney"":""2""},{""BetNo"":""205302"",""Odds"":""2"",""BetMoney"":""2""},{""BetNo"":""210201"",""Odds"":""2"",""BetMoney"":""2""},{""BetNo"":""202202"",""Odds"":""2"",""BetMoney"":""2""}],""LotteryId"":2,""UseLastOdds"":1}"
"{""BetItems"":[{""BetNo"":""206301"",""Odds"":""2"",""BetMoney"":""2""},{""BetNo"":""209202"",""Odds"":""2"",""BetMoney"":""2""}],""LotteryId"":2,""UseLastOdds"":1}"
"{""BetItems"":[{""BetNo"":""204202"",""Odds"":""2"",""BetMoney"":""2""},{""BetNo"":""207301"",""Odds"":""2"",""BetMoney"":""2""}],""LotteryId"":2,""UseLastOdds"":1}"
"{""BetItems"":[{""BetNo"":""204302"",""Odds"":""2"",""BetMoney"":""2""}],""LotteryId"":2,""UseLastOdds"":1}"
"{""BetItems"":[{""BetNo"":""207301"",""Odds"":""2"",""BetMoney"":""2""},{""BetNo"":""201202"",""Odds"":""2"",""BetMoney"":""2""}],""LotteryId"":2,""UseLastOdds"":1}"
"{""BetItems"":[{""BetNo"":""208202"",""Odds"":""2"",""BetMoney"":""2""}],""LotteryId"":2,""UseLastOdds"":1}"
"{""BetItems"":[{""BetNo"":""200202"",""Odds"":""2"",""BetMoney"":""2""}],""LotteryId"":2,""UseLastOdds"":1}"
"{""BetItems"":[{""BetNo"":""204402"",""Odds"":""2"",""BetMoney"":""2""}],""LotteryId"":2,""UseLastOdds"":1}"
"{""BetItems"":[{""BetNo"":""209202"",""Odds"":""2"",""BetMoney"":""2""},{""BetNo"":""209301"",""Odds"":""2"",""BetMoney"":""2""}],""LotteryId"":2,""UseLastOdds"":1}"
"{""BetItems"":[{""BetNo"":""201302"",""Odds"":""2"",""BetMoney"":""2""},{""BetNo"":""201301"",""Odds"":""2"",""BetMoney"":""2""}],""LotteryId"":2,""UseLastOdds"":1}"
"{""BetItems"":[{""BetNo"":""205402"",""Odds"":""2"",""BetMoney"":""2""},{""BetNo"":""200302"",""Odds"":""2"",""BetMoney"":""2""},{""BetNo"":""207301"",""Odds"":""2"",""BetMoney"":""2""},{""BetNo"":""203301"",""Odds"":""2"",""BetMoney"":""2""},{""BetNo"":""209201"",""Odds"":""2"",""BetMoney"":""2""},{""BetNo"":""202402"",""Odds"":""2"",""BetMoney"":""2""},{""BetNo"":""200302"",""Odds"":""2"",""BetMoney"":""2""},{""BetNo"":""205302"",""Odds"":""2"",""BetMoney"":""2""}],""LotteryId"":2,""UseLastOdds"":1}"
"{""BetItems"":[{""BetNo"":""210301"",""Odds"":""2"",""BetMoney"":""2""},{""BetNo"":""205402"",""Odds"":""2"",""BetMoney"":""2""}],""LotteryId"":2,""UseLastOdds"":1}"
"{""BetItems"":[{""BetNo"":""200202"",""Odds"":""2"",""BetMoney"":""2""}],""LotteryId"":2,""UseLastOdds"":1}"
"{""BetItems"":[{""BetNo"":""202301"",""Odds"":""2"",""BetMoney"":""2""}],""LotteryId"":2,""UseLastOdds"":1}"
"{""BetItems"":[{""BetNo"":""204302"",""Odds"":""2"",""BetMoney"":""2""}],""LotteryId"":2,""UseLastOdds"":1}"
"{""BetItems"":[{""BetNo"":""203402"",""Odds"":""2"",""BetMoney"":""2""},{""BetNo"":""204302"",""Odds"":""2"",""BetMoney"":""2""}],""LotteryId"":2,""UseLastOdds"":1}"
"{""BetItems"":[{""BetNo"":""207201"",""Odds"":""2"",""BetMoney"":""2""}],""LotteryId"":2,""UseLastOdds"":1}"
"{""BetItems"":[{""BetNo"":""207202"",""Odds"":""2"",""BetMoney"":""2""}],""LotteryId"":2,""UseLastOdds"":1}"
"{""BetItems"":[{""BetNo"":""202202"",""Odds"":""2"",""BetMoney"":""2""},{""BetNo"":""206201"",""Odds"":""2"",""BetMoney"":""2""}],""LotteryId"":2,""UseLastOdds"":1}"
"{""BetItems"":[{""BetNo"":""203402"",""Odds"":""2"",""BetMoney"":""2""}],""LotteryId"":2,""UseLastOdds"":1}"
"{""BetItems"":[{""BetNo"":""202302"",""Odds"":""2"",""BetMoney"":""2""}],""LotteryId"":2,""UseLastOdds"":1}"
"{""BetItems"":[{""BetNo"":""202302"",""Odds"":""2"",""BetMoney"":""2""},{""BetNo"":""202301"",""Odds"":""2"",""BetMoney"":""2""}],""LotteryId"":2,""UseLastOdds"":1}"
"{""BetItems"":[{""BetNo"":""207302"",""Odds"":""2"",""BetMoney"":""2""},{""BetNo"":""206301"",""Odds"":""2"",""BetMoney"":""2""}],""LotteryId"":2,""UseLastOdds"":1}"
"{""BetItems"":[{""BetNo"":""207202"",""Odds"":""2"",""BetMoney"":""2""}],""LotteryId"":2,""UseLastOdds"":1}"
"{""BetItems"":[{""BetNo"":""210301"",""Odds"":""2"",""BetMoney"":""2""},{""BetNo"":""208301"",""Odds"":""2"",""BetMoney"":""2""}],""LotteryId"":2,""UseLastOdds"":1}"
"{""BetItems"":[{""BetNo"":""202402"",""Odds"":""2"",""BetMoney"":""2""}],""LotteryId"":2,""UseLastOdds"":1}"
"{""BetItems"":[{""BetNo"":""209301"",""Odds"":""2"",""BetMoney"":""2""},{""BetNo"":""204301"",""Odds"":""2"",""BetMoney"":""2""}],""LotteryId"":2,""UseLastOdds"":1}"
"{""BetItems"":[{""BetNo"":""201202"",""Odds"":""2"",""BetMoney"":""2""},{""BetNo"":""203201"",""Odds"":""2"",""BetMoney"":""2""}],""LotteryId"":2,""UseLastOdds"":1}"
"{""BetItems"":[{""BetNo"":""203301"",""Odds"":""2"",""BetMoney"":""2""}],""LotteryId"":2,""UseLastOdds"":1}"
"{""BetItems"":[{""BetNo"":""205401"",""Odds"":""2"",""BetMoney"":""2""},{""BetNo"":""208201"",""Odds"":""2"",""BetMoney"":""2""},{""BetNo"":""203301"",""Odds"":""2"",""BetMoney"":""2""},{""BetNo"":""202301"",""Odds"":""2"",""BetMoney"":""2""},{""BetNo"":""208201"",""Odds"":""2"",""BetMoney"":""2""},{""BetNo"":""209301"",""Odds"":""2"",""BetMoney"":""2""}],""LotteryId"":2,""UseLastOdds"":1}"
"{""BetItems"":[{""BetNo"":""204301"",""Odds"":""2"",""BetMoney"":""2""}],""LotteryId"":2,""UseLastOdds"":1}"
"{""BetItems"":[{""BetNo"":""205401"",""Odds"":""2"",""BetMoney"":""2""},{""BetNo"":""207202"",""Odds"":""2"",""BetMoney"":""2""}],""LotteryId"":2,""UseLastOdds"":1}"
"{""BetItems"":[{""BetNo"":""210301"",""Odds"":""2"",""BetMoney"":""2""}],""LotteryId"":2,""UseLastOdds"":1}"
"{""BetItems"":[{""BetNo"":""207201"",""Odds"":""2"",""BetMoney"":""2""}],""LotteryId"":2,""UseLastOdds"":1}"
"{""BetItems"":[{""BetNo"":""204302"",""Odds"":""2"",""BetMoney"":""2""},{""BetNo"":""209202"",""Odds"":""2"",""BetMoney"":""2""}],""LotteryId"":2,""UseLastOdds"":1}"
"{""BetItems"":[{""BetNo"":""200301"",""Odds"":""2"",""BetMoney"":""2""},{""BetNo"":""203401"",""Odds"":""2"",""BetMoney"":""2""},{""BetNo"":""208201"",""Odds"":""2"",""BetMoney"":""2""},{""BetNo"":""208201"",""Odds"":""2"",""BetMoney"":""2""},{""BetNo"":""203301"",""Odds"":""2"",""BetMoney"":""2""}],""LotteryId"":2,""UseLastOdds"":1}"
"{""BetItems"":[{""BetNo"":""204401"",""Odds"":""2"",""BetMoney"":""2""}],""LotteryId"":2,""UseLastOdds"":1}"
"{""BetItems"":[{""BetNo"":""206302"",""Odds"":""2"",""BetMoney"":""2""},{""BetNo"":""206201"",""Odds"":""2"",""BetMoney"":""2""}],""LotteryId"":2,""UseLastOdds"":1}"
"{""BetItems"":[{""BetNo"":""204202"",""Odds"":""2"",""BetMoney"":""2""},{""BetNo"":""205401"",""Odds"":""2"",""BetMoney"":""2""}],""LotteryId"":2,""UseLastOdds"":1}"
"{""BetItems"":[{""BetNo"":""202401"",""Odds"":""2"",""BetMoney"":""2""}],""LotteryId"":2,""UseLastOdds"":1}"
"{""BetItems"":[{""BetNo"":""203401"",""Odds"":""2"",""BetMoney"":""2""}],""LotteryId"":2,""UseLastOdds"":1}"
"{""BetItems"":[{""BetNo"":""203301"",""Odds"":""2"",""BetMoney"":""2""}],""LotteryId"":2,""UseLastOdds"":1}"
"{""BetItems"":[{""BetNo"":""203202"",""Odds"":""2"",""BetMoney"":""2""}],""LotteryId"":2,""UseLastOdds"":1}"
"{""BetItems"":[{""BetNo"":""210302"",""Odds"":""2"",""BetMoney"":""2""}],""LotteryId"":2,""UseLastOdds"":1}"
"{""BetItems"":[{""BetNo"":""200202"",""Odds"":""2"",""BetMoney"":""2""},{""BetNo"":""202301"",""Odds"":""2"",""BetMoney"":""2""},{""BetNo"":""204402"",""Odds"":""2"",""BetMoney"":""2""},{""BetNo"":""209301"",""Odds"":""2"",""BetMoney"":""2""},{""BetNo"":""202302"",""Odds"":""2"",""BetMoney"":""2""},{""BetNo"":""206202"",""Odds"":""2"",""BetMoney"":""2""}],""LotteryId"":2,""UseLastOdds"":1}"
"{""BetItems"":[{""BetNo"":""208301"",""Odds"":""2"",""BetMoney"":""2""},{""BetNo"":""203201"",""Odds"":""2"",""BetMoney"":""2""}],""LotteryId"":2,""UseLastOdds"":1}"
"{""BetItems"":[{""BetNo"":""204301"",""Odds"":""2"",""BetMoney"":""2""}],""LotteryId"":2,""UseLastOdds"":1}"
"{""BetItems"":[{""BetNo"":""204302"",""Odds"":""2"",""BetMoney"":""2""},{""BetNo"":""205201"",""Odds"":""2"",""BetMoney"":""2""}],""LotteryId"":2,""UseLastOdds"":1}"
"{""BetItems"":[{""BetNo"":""205302"",""Odds"":""2"",""BetMoney"":""2""}],""LotteryId"":2,""UseLastOdds"":1}"
"{""BetItems"":[{""BetNo"":""205301"",""Odds"":""2"",""BetMoney"":""2""}],""LotteryId"":2,""UseLastOdds"":1}"
"{""BetItems"":[{""BetNo"":""207202"",""Odds"":""2"",""BetMoney"":""2""}],""LotteryId"":2,""UseLastOdds"":1}"
"{""BetItems"":[{""BetNo"":""206201"",""Odds"":""2"",""BetMoney"":""2""},{""BetNo"":""202202"",""Odds"":""2"",""BetMoney"":""2""}],""LotteryId"":2,""UseLastOdds"":1}"
"{""BetItems"":[{""BetNo"":""200201"",""Odds"":""2"",""BetMoney"":""2""}],""LotteryId"":2,""UseLastOdds"":1}"
"{""BetItems"":[{""BetNo"":""205302"",""Odds"":""2"",""BetMoney"":""2""},{""BetNo"":""202301"",""Odds"":""2"",""BetMoney"":""2""},{""BetNo"":""209202"",""Odds"":""2"",""BetMoney"":""2""},{""BetNo"":""207201"",""Odds"":""2"",""BetMoney"":""2""}],""LotteryId"":2,""UseLastOdds"":1}"
"{""BetItems"":[{""BetNo"":""209302"",""Odds"":""2"",""BetMoney"":""2""}],""LotteryId"":2,""UseLastOdds"":1}"
"{""BetItems"":[{""BetNo"":""208201"",""Odds"":""2"",""BetMoney"":""2""},{""BetNo"":""206302"",""Odds"":""2"",""BetMoney"":""2""}],""LotteryId"":2,""UseLastOdds"":1}"
"{""BetItems"":[{""BetNo"":""205201"",""Odds"":""2"",""BetMoney"":""2""},{""BetNo"":""205301"",""Odds"":""2"",""BetMoney"":""2""}],""LotteryId"":2,""UseLastOdds"":1}"
"{""BetItems"":[{""BetNo"":""205301"",""Odds"":""2"",""BetMoney"":""2""}],""LotteryId"":2,""UseLastOdds"":1}"
"{""BetItems"":[{""BetNo"":""202201"",""Odds"":""2"",""BetMoney"":""2""}],""LotteryId"":2,""UseLastOdds"":1}"
"{""BetItems"":[{""BetNo"":""200301"",""Odds"":""2"",""BetMoney"":""2""},{""BetNo"":""200302"",""Odds"":""2"",""BetMoney"":""2""},{""BetNo"":""206301"",""Odds"":""2"",""BetMoney"":""2""},{""BetNo"":""207201"",""Odds"":""2"",""BetMoney"":""2""},{""BetNo"":""204302"",""Odds"":""2"",""BetMoney"":""2""},{""BetNo"":""208302"",""Odds"":""2"",""BetMoney"":""2""},{""BetNo"":""203301"",""Odds"":""2"",""BetMoney"":""2""},{""BetNo"":""201402"",""Odds"":""2"",""BetMoney"":""2""}],""LotteryId"":2,""UseLastOdds"":1}"
"{""BetItems"":[{""BetNo"":""205402"",""Odds"":""2"",""BetMoney"":""2""}],""LotteryId"":2,""UseLastOdds"":1}"
"{""BetItems"":[{""BetNo"":""201401"",""Odds"":""2"",""BetMoney"":""2""},{""BetNo"":""205202"",""Odds"":""2"",""BetMoney"":""2""}],""LotteryId"":2,""UseLastOdds"":1}"
"{""BetItems"":[{""BetNo"":""205201"",""Odds"":""2"",""BetMoney"":""2""}],""LotteryId"":2,""UseLastOdds"":1}"
"{""BetItems"":[{""BetNo"":""204402"",""Odds"":""2"",""BetMoney"":""2""},{""BetNo"":""209202"",""Odds"":""2"",""BetMoney"":""2""}],""LotteryId"":2,""UseLastOdds"":1}"
"{""BetItems"":[{""BetNo"":""210302"",""Odds"":""2"",""BetMoney"":""2""},{""BetNo"":""204301"",""Odds"":""2"",""BetMoney"":""2""}],""LotteryId"":2,""UseLastOdds"":1}"
"{""BetItems"":[{""BetNo"":""203201"",""Odds"":""2"",""BetMoney"":""2""}],""LotteryId"":2,""UseLastOdds"":1}"
"{""BetItems"":[{""BetNo"":""209301"",""Odds"":""2"",""BetMoney"":""2""}],""LotteryId"":2,""UseLastOdds"":1}"
"{""BetItems"":[{""BetNo"":""201202"",""Odds"":""2"",""BetMoney"":""2""}],""LotteryId"":2,""UseLastOdds"":1}"
"{""BetItems"":[{""BetNo"":""205302"",""Odds"":""2"",""BetMoney"":""2""}],""LotteryId"":2,""UseLastOdds"":1}"
"{""BetItems"":[{""BetNo"":""210302"",""Odds"":""2"",""BetMoney"":""2""}],""LotteryId"":2,""UseLastOdds"":1}"
"{""BetItems"":[{""BetNo"":""203302"",""Odds"":""2"",""BetMoney"":""2""}],""LotteryId"":2,""UseLastOdds"":1}"
"{""BetItems"":[{""BetNo"":""208302"",""Odds"":""2"",""BetMoney"":""2""}],""LotteryId"":2,""UseLastOdds"":1}"
"{""BetItems"":[{""BetNo"":""202201"",""Odds"":""2"",""BetMoney"":""2""},{""BetNo"":""208202"",""Odds"":""2"",""BetMoney"":""2""}],""LotteryId"":2,""UseLastOdds"":1}"
"{""BetItems"":[{""BetNo"":""201202"",""Odds"":""2"",""BetMoney"":""2""},{""BetNo"":""203202"",""Odds"":""2"",""BetMoney"":""2""}],""LotteryId"":2,""UseLastOdds"":1}"
"{""BetItems"":[{""BetNo"":""202202"",""Odds"":""2"",""BetMoney"":""2""},{""BetNo"":""209202"",""Odds"":""2"",""BetMoney"":""2""},{""BetNo"":""209201"",""Odds"":""2"",""BetMoney"":""2""}],""LotteryId"":2,""UseLastOdds"":1}"
"{""BetItems"":[{""BetNo"":""202202"",""Odds"":""2"",""BetMoney"":""2""}],""LotteryId"":2,""UseLastOdds"":1}"
"{""BetItems"":[{""BetNo"":""200202"",""Odds"":""2"",""BetMoney"":""2""}],""LotteryId"":2,""UseLastOdds"":1}"
"{""BetItems"":[{""BetNo"":""210202"",""Odds"":""2"",""BetMoney"":""2""},{""BetNo"":""202201"",""Odds"":""2"",""BetMoney"":""2""}],""LotteryId"":2,""UseLastOdds"":1}"
"{""BetItems"":[{""BetNo"":""202401"",""Odds"":""2"",""BetMoney"":""2""},{""BetNo"":""200202"",""Odds"":""2"",""BetMoney"":""2""}],""LotteryId"":2,""UseLastOdds"":1}"
"{""BetItems"":[{""BetNo"":""204201"",""Odds"":""2"",""BetMoney"":""2""}],""LotteryId"":2,""UseLastOdds"":1}"
"{""BetItems"":[{""BetNo"":""206302"",""Odds"":""2"",""BetMoney"":""2""},{""BetNo"":""210202"",""Odds"":""2"",""BetMoney"":""2""}],""LotteryId"":2,""UseLastOdds"":1}"
"{""BetItems"":[{""BetNo"":""203301"",""Odds"":""2"",""BetMoney"":""2""}],""LotteryId"":2,""UseLastOdds"":1}"
"{""BetItems"":[{""BetNo"":""202301"",""Odds"":""2"",""BetMoney"":""2""},{""BetNo"":""207301"",""Odds"":""2"",""BetMoney"":""2""}],""LotteryId"":2,""UseLastOdds"":1}"
"{""BetItems"":[{""BetNo"":""206301"",""Odds"":""2"",""BetMoney"":""2""}],""LotteryId"":2,""UseLastOdds"":1}"
"{""BetItems"":[{""BetNo"":""203402"",""Odds"":""2"",""BetMoney"":""2""}],""LotteryId"":2,""UseLastOdds"":1}"
"{""BetItems"":[{""BetNo"":""206302"",""Odds"":""2"",""BetMoney"":""2""}],""LotteryId"":2,""UseLastOdds"":1}"
"{""BetItems"":[{""BetNo"":""205202"",""Odds"":""2"",""BetMoney"":""2""}],""LotteryId"":2,""UseLastOdds"":1}"
"{""BetItems"":[{""BetNo"":""204302"",""Odds"":""2"",""BetMoney"":""2""}],""LotteryId"":2,""UseLastOdds"":1}"
"{""BetItems"":[{""BetNo"":""205302"",""Odds"":""2"",""BetMoney"":""2""}],""LotteryId"":2,""UseLastOdds"":1}"
"{""BetItems"":[{""BetNo"":""204402"",""Odds"":""2"",""BetMoney"":""2""},{""BetNo"":""206201"",""Odds"":""2"",""BetMoney"":""2""},{""BetNo"":""204401"",""Odds"":""2"",""BetMoney"":""2""},{""BetNo"":""204302"",""Odds"":""2"",""BetMoney"":""2""},{""BetNo"":""210201"",""Odds"":""2"",""BetMoney"":""2""},{""BetNo"":""201401"",""Odds"":""2"",""BetMoney"":""2""},{""BetNo"":""201301"",""Odds"":""2"",""BetMoney"":""2""},{""BetNo"":""200201"",""Odds"":""2"",""BetMoney"":""2""},{""BetNo"":""203401"",""Odds"":""2"",""BetMoney"":""2""}],""LotteryId"":2,""UseLastOdds"":1}"
"{""BetItems"":[{""BetNo"":""205401"",""Odds"":""2"",""BetMoney"":""2""},{""BetNo"":""203202"",""Odds"":""2"",""BetMoney"":""2""}],""LotteryId"":2,""UseLastOdds"":1}"
"{""BetItems"":[{""BetNo"":""205301"",""Odds"":""2"",""BetMoney"":""2""}],""LotteryId"":2,""UseLastOdds"":1}"
