"{""BetItems"":[{""BetMoney"":2,""BetNo"":""1100711"",""Odds"":""1.1""}],""LotteryId"":11,""UseLastOdds"":1}"
"{""BetItems"":[{""BetMoney"":2,""BetNo"":""1100711"",""Odds"":""1.1""},{""BetMoney"":2,""BetNo"":""1100712"",""Odds"":""1.1""},{""BetMoney"":2,""BetNo"":""1100722"",""Odds"":""1.1""}],""LotteryId"":11,""UseLastOdds"":1}"
"{""BetItems"":[{""BetMoney"":2,""BetNo"":""1100711"",""Odds"":""1.1""},{""BetMoney"":2,""BetNo"":""1100721"",""Odds"":""1.1""},{""BetMoney"":2,""BetNo"":""1100722"",""Odds"":""1.1""}],""LotteryId"":11,""UseLastOdds"":1}"
"{""BetItems"":[{""BetMoney"":2,""BetNo"":""1100711"",""Odds"":""1.1""},{""BetMoney"":2,""BetNo"":""1100712"",""Odds"":""1.1""},{""BetMoney"":2,""BetNo"":""1100721"",""Odds"":""1.1""},{""BetMoney"":2,""BetNo"":""1100722"",""Odds"":""1.1""}],""LotteryId"":11,""UseLastOdds"":1}"
"{""BetItems"":[{""BetMoney"":2,""BetNo"":""1100711"",""Odds"":""1.1""},{""BetMoney"":2,""BetNo"":""1100712"",""Odds"":""1.1""},{""BetMoney"":2,""BetNo"":""1100721"",""Odds"":""1.1""},{""BetMoney"":2,""BetNo"":""1100722"",""Odds"":""1.1""}],""LotteryId"":11,""UseLastOdds"":1}"
"{""BetItems"":[{""BetMoney"":2,""BetNo"":""1100722"",""Odds"":""1.1""}],""LotteryId"":11,""UseLastOdds"":1}"
"{""BetItems"":[{""BetMoney"":2,""BetNo"":""1100711"",""Odds"":""1.1""},{""BetMoney"":2,""BetNo"":""1100712"",""Odds"":""1.1""},{""BetMoney"":2,""BetNo"":""1100721"",""Odds"":""1.1""},{""BetMoney"":2,""BetNo"":""1100722"",""Odds"":""1.1""}],""LotteryId"":11,""UseLastOdds"":1}"
"{""BetItems"":[{""BetMoney"":2,""BetNo"":""1100711"",""Odds"":""1.1""}],""LotteryId"":11,""UseLastOdds"":1}"
"{""BetItems"":[{""BetMoney"":2,""BetNo"":""1100711"",""Odds"":""1.1""},{""BetMoney"":2,""BetNo"":""1100712"",""Odds"":""1.1""},{""BetMoney"":2,""BetNo"":""1100721"",""Odds"":""1.1""},{""BetMoney"":2,""BetNo"":""1100722"",""Odds"":""1.1""}],""LotteryId"":11,""UseLastOdds"":1}"
"{""BetItems"":[{""BetMoney"":2,""BetNo"":""1100711"",""Odds"":""1.1""},{""BetMoney"":2,""BetNo"":""1100712"",""Odds"":""1.1""},{""BetMoney"":2,""BetNo"":""1100721"",""Odds"":""1.1""},{""BetMoney"":2,""BetNo"":""1100722"",""Odds"":""1.1""}],""LotteryId"":11,""UseLastOdds"":1}"
"{""BetItems"":[{""BetMoney"":2,""BetNo"":""1100711"",""Odds"":""1.1""},{""BetMoney"":2,""BetNo"":""1100712"",""Odds"":""1.1""},{""BetMoney"":2,""BetNo"":""1100721"",""Odds"":""1.1""},{""BetMoney"":2,""BetNo"":""1100722"",""Odds"":""1.1""}],""LotteryId"":11,""UseLastOdds"":1}"
"{""BetItems"":[{""BetMoney"":2,""BetNo"":""1100711"",""Odds"":""1.1""},{""BetMoney"":2,""BetNo"":""1100712"",""Odds"":""1.1""},{""BetMoney"":2,""BetNo"":""1100721"",""Odds"":""1.1""}],""LotteryId"":11,""UseLastOdds"":1}"
"{""BetItems"":[{""BetMoney"":2,""BetNo"":""1100712"",""Odds"":""1.1""},{""BetMoney"":2,""BetNo"":""1100722"",""Odds"":""1.1""}],""LotteryId"":11,""UseLastOdds"":1}"
"{""BetItems"":[{""BetMoney"":2,""BetNo"":""1100711"",""Odds"":""1.1""},{""BetMoney"":2,""BetNo"":""1100721"",""Odds"":""1.1""}],""LotteryId"":11,""UseLastOdds"":1}"
"{""BetItems"":[{""BetMoney"":2,""BetNo"":""1100711"",""Odds"":""1.1""},{""BetMoney"":2,""BetNo"":""1100722"",""Odds"":""1.1""}],""LotteryId"":11,""UseLastOdds"":1}"
"{""BetItems"":[{""BetMoney"":2,""BetNo"":""1100711"",""Odds"":""1.1""},{""BetMoney"":2,""BetNo"":""1100721"",""Odds"":""1.1""},{""BetMoney"":2,""BetNo"":""1100722"",""Odds"":""1.1""}],""LotteryId"":11,""UseLastOdds"":1}"
"{""BetItems"":[{""BetMoney"":2,""BetNo"":""1100721"",""Odds"":""1.1""}],""LotteryId"":11,""UseLastOdds"":1}"
"{""BetItems"":[{""BetMoney"":2,""BetNo"":""1100711"",""Odds"":""1.1""},{""BetMoney"":2,""BetNo"":""1100712"",""Odds"":""1.1""},{""BetMoney"":2,""BetNo"":""1100721"",""Odds"":""1.1""},{""BetMoney"":2,""BetNo"":""1100722"",""Odds"":""1.1""}],""LotteryId"":11,""UseLastOdds"":1}"
"{""BetItems"":[{""BetMoney"":2,""BetNo"":""1100711"",""Odds"":""1.1""},{""BetMoney"":2,""BetNo"":""1100722"",""Odds"":""1.1""}],""LotteryId"":11,""UseLastOdds"":1}"
"{""BetItems"":[{""BetMoney"":2,""BetNo"":""1100711"",""Odds"":""1.1""},{""BetMoney"":2,""BetNo"":""1100712"",""Odds"":""1.1""},{""BetMoney"":2,""BetNo"":""1100722"",""Odds"":""1.1""}],""LotteryId"":11,""UseLastOdds"":1}"
"{""BetItems"":[{""BetMoney"":2,""BetNo"":""1100721"",""Odds"":""1.1""}],""LotteryId"":11,""UseLastOdds"":1}"
"{""BetItems"":[{""BetMoney"":2,""BetNo"":""1100711"",""Odds"":""1.1""},{""BetMoney"":2,""BetNo"":""1100712"",""Odds"":""1.1""},{""BetMoney"":2,""BetNo"":""1100722"",""Odds"":""1.1""}],""LotteryId"":11,""UseLastOdds"":1}"
"{""BetItems"":[{""BetMoney"":2,""BetNo"":""1100711"",""Odds"":""1.1""},{""BetMoney"":2,""BetNo"":""1100712"",""Odds"":""1.1""},{""BetMoney"":2,""BetNo"":""1100721"",""Odds"":""1.1""},{""BetMoney"":2,""BetNo"":""1100722"",""Odds"":""1.1""}],""LotteryId"":11,""UseLastOdds"":1}"
"{""BetItems"":[{""BetMoney"":2,""BetNo"":""1100711"",""Odds"":""1.1""},{""BetMoney"":2,""BetNo"":""1100712"",""Odds"":""1.1""},{""BetMoney"":2,""BetNo"":""1100721"",""Odds"":""1.1""},{""BetMoney"":2,""BetNo"":""1100722"",""Odds"":""1.1""}],""LotteryId"":11,""UseLastOdds"":1}"
"{""BetItems"":[{""BetMoney"":2,""BetNo"":""1100721"",""Odds"":""1.1""}],""LotteryId"":11,""UseLastOdds"":1}"
"{""BetItems"":[{""BetMoney"":2,""BetNo"":""1100711"",""Odds"":""1.1""},{""BetMoney"":2,""BetNo"":""1100712"",""Odds"":""1.1""},{""BetMoney"":2,""BetNo"":""1100722"",""Odds"":""1.1""}],""LotteryId"":11,""UseLastOdds"":1}"
"{""BetItems"":[{""BetMoney"":2,""BetNo"":""1100722"",""Odds"":""1.1""}],""LotteryId"":11,""UseLastOdds"":1}"
"{""BetItems"":[{""BetMoney"":2,""BetNo"":""1100711"",""Odds"":""1.1""},{""BetMoney"":2,""BetNo"":""1100712"",""Odds"":""1.1""},{""BetMoney"":2,""BetNo"":""1100721"",""Odds"":""1.1""},{""BetMoney"":2,""BetNo"":""1100722"",""Odds"":""1.1""}],""LotteryId"":11,""UseLastOdds"":1}"
"{""BetItems"":[{""BetMoney"":2,""BetNo"":""1100712"",""Odds"":""1.1""},{""BetMoney"":2,""BetNo"":""1100721"",""Odds"":""1.1""},{""BetMoney"":2,""BetNo"":""1100722"",""Odds"":""1.1""}],""LotteryId"":11,""UseLastOdds"":1}"
"{""BetItems"":[{""BetMoney"":2,""BetNo"":""1100721"",""Odds"":""1.1""}],""LotteryId"":11,""UseLastOdds"":1}"
"{""BetItems"":[{""BetMoney"":2,""BetNo"":""1100711"",""Odds"":""1.1""},{""BetMoney"":2,""BetNo"":""1100712"",""Odds"":""1.1""},{""BetMoney"":2,""BetNo"":""1100721"",""Odds"":""1.1""},{""BetMoney"":2,""BetNo"":""1100722"",""Odds"":""1.1""}],""LotteryId"":11,""UseLastOdds"":1}"
"{""BetItems"":[{""BetMoney"":2,""BetNo"":""1100711"",""Odds"":""1.1""},{""BetMoney"":2,""BetNo"":""1100712"",""Odds"":""1.1""}],""LotteryId"":11,""UseLastOdds"":1}"
"{""BetItems"":[{""BetMoney"":2,""BetNo"":""1100711"",""Odds"":""1.1""},{""BetMoney"":2,""BetNo"":""1100712"",""Odds"":""1.1""},{""BetMoney"":2,""BetNo"":""1100721"",""Odds"":""1.1""}],""LotteryId"":11,""UseLastOdds"":1}"
"{""BetItems"":[{""BetMoney"":2,""BetNo"":""1100712"",""Odds"":""1.1""},{""BetMoney"":2,""BetNo"":""1100721"",""Odds"":""1.1""}],""LotteryId"":11,""UseLastOdds"":1}"
"{""BetItems"":[{""BetMoney"":2,""BetNo"":""1100721"",""Odds"":""1.1""},{""BetMoney"":2,""BetNo"":""1100722"",""Odds"":""1.1""}],""LotteryId"":11,""UseLastOdds"":1}"
"{""BetItems"":[{""BetMoney"":2,""BetNo"":""1100711"",""Odds"":""1.1""},{""BetMoney"":2,""BetNo"":""1100712"",""Odds"":""1.1""},{""BetMoney"":2,""BetNo"":""1100721"",""Odds"":""1.1""},{""BetMoney"":2,""BetNo"":""1100722"",""Odds"":""1.1""}],""LotteryId"":11,""UseLastOdds"":1}"
"{""BetItems"":[{""BetMoney"":2,""BetNo"":""1100711"",""Odds"":""1.1""},{""BetMoney"":2,""BetNo"":""1100712"",""Odds"":""1.1""},{""BetMoney"":2,""BetNo"":""1100721"",""Odds"":""1.1""},{""BetMoney"":2,""BetNo"":""1100722"",""Odds"":""1.1""}],""LotteryId"":11,""UseLastOdds"":1}"
"{""BetItems"":[{""BetMoney"":2,""BetNo"":""1100722"",""Odds"":""1.1""}],""LotteryId"":11,""UseLastOdds"":1}"
"{""BetItems"":[{""BetMoney"":2,""BetNo"":""1100711"",""Odds"":""1.1""},{""BetMoney"":2,""BetNo"":""1100712"",""Odds"":""1.1""},{""BetMoney"":2,""BetNo"":""1100721"",""Odds"":""1.1""},{""BetMoney"":2,""BetNo"":""1100722"",""Odds"":""1.1""}],""LotteryId"":11,""UseLastOdds"":1}"
"{""BetItems"":[{""BetMoney"":2,""BetNo"":""1100711"",""Odds"":""1.1""},{""BetMoney"":2,""BetNo"":""1100712"",""Odds"":""1.1""},{""BetMoney"":2,""BetNo"":""1100721"",""Odds"":""1.1""},{""BetMoney"":2,""BetNo"":""1100722"",""Odds"":""1.1""}],""LotteryId"":11,""UseLastOdds"":1}"
"{""BetItems"":[{""BetMoney"":2,""BetNo"":""1100711"",""Odds"":""1.1""}],""LotteryId"":11,""UseLastOdds"":1}"
"{""BetItems"":[{""BetMoney"":2,""BetNo"":""1100711"",""Odds"":""1.1""},{""BetMoney"":2,""BetNo"":""1100721"",""Odds"":""1.1""},{""BetMoney"":2,""BetNo"":""1100722"",""Odds"":""1.1""}],""LotteryId"":11,""UseLastOdds"":1}"
"{""BetItems"":[{""BetMoney"":2,""BetNo"":""1100711"",""Odds"":""1.1""},{""BetMoney"":2,""BetNo"":""1100712"",""Odds"":""1.1""},{""BetMoney"":2,""BetNo"":""1100721"",""Odds"":""1.1""}],""LotteryId"":11,""UseLastOdds"":1}"
"{""BetItems"":[{""BetMoney"":2,""BetNo"":""1100721"",""Odds"":""1.1""}],""LotteryId"":11,""UseLastOdds"":1}"
"{""BetItems"":[{""BetMoney"":2,""BetNo"":""1100711"",""Odds"":""1.1""},{""BetMoney"":2,""BetNo"":""1100712"",""Odds"":""1.1""},{""BetMoney"":2,""BetNo"":""1100721"",""Odds"":""1.1""}],""LotteryId"":11,""UseLastOdds"":1}"
"{""BetItems"":[{""BetMoney"":2,""BetNo"":""1100721"",""Odds"":""1.1""},{""BetMoney"":2,""BetNo"":""1100722"",""Odds"":""1.1""}],""LotteryId"":11,""UseLastOdds"":1}"
"{""BetItems"":[{""BetMoney"":2,""BetNo"":""1100711"",""Odds"":""1.1""}],""LotteryId"":11,""UseLastOdds"":1}"
"{""BetItems"":[{""BetMoney"":2,""BetNo"":""1100711"",""Odds"":""1.1""},{""BetMoney"":2,""BetNo"":""1100712"",""Odds"":""1.1""},{""BetMoney"":2,""BetNo"":""1100721"",""Odds"":""1.1""},{""BetMoney"":2,""BetNo"":""1100722"",""Odds"":""1.1""}],""LotteryId"":11,""UseLastOdds"":1}"
"{""BetItems"":[{""BetMoney"":2,""BetNo"":""1100711"",""Odds"":""1.1""},{""BetMoney"":2,""BetNo"":""1100712"",""Odds"":""1.1""},{""BetMoney"":2,""BetNo"":""1100721"",""Odds"":""1.1""}],""LotteryId"":11,""UseLastOdds"":1}"
"{""BetItems"":[{""BetMoney"":2,""BetNo"":""1100712"",""Odds"":""1.1""},{""BetMoney"":2,""BetNo"":""1100721"",""Odds"":""1.1""},{""BetMoney"":2,""BetNo"":""1100722"",""Odds"":""1.1""}],""LotteryId"":11,""UseLastOdds"":1}"
"{""BetItems"":[{""BetMoney"":2,""BetNo"":""1100712"",""Odds"":""1.1""},{""BetMoney"":2,""BetNo"":""1100721"",""Odds"":""1.1""}],""LotteryId"":11,""UseLastOdds"":1}"
"{""BetItems"":[{""BetMoney"":2,""BetNo"":""1100712"",""Odds"":""1.1""},{""BetMoney"":2,""BetNo"":""1100722"",""Odds"":""1.1""}],""LotteryId"":11,""UseLastOdds"":1}"
"{""BetItems"":[{""BetMoney"":2,""BetNo"":""1100711"",""Odds"":""1.1""},{""BetMoney"":2,""BetNo"":""1100712"",""Odds"":""1.1""},{""BetMoney"":2,""BetNo"":""1100721"",""Odds"":""1.1""},{""BetMoney"":2,""BetNo"":""1100722"",""Odds"":""1.1""}],""LotteryId"":11,""UseLastOdds"":1}"
"{""BetItems"":[{""BetMoney"":2,""BetNo"":""1100721"",""Odds"":""1.1""}],""LotteryId"":11,""UseLastOdds"":1}"
"{""BetItems"":[{""BetMoney"":2,""BetNo"":""1100712"",""Odds"":""1.1""}],""LotteryId"":11,""UseLastOdds"":1}"
"{""BetItems"":[{""BetMoney"":2,""BetNo"":""1100721"",""Odds"":""1.1""},{""BetMoney"":2,""BetNo"":""1100722"",""Odds"":""1.1""}],""LotteryId"":11,""UseLastOdds"":1}"
"{""BetItems"":[{""BetMoney"":2,""BetNo"":""1100712"",""Odds"":""1.1""},{""BetMoney"":2,""BetNo"":""1100721"",""Odds"":""1.1""}],""LotteryId"":11,""UseLastOdds"":1}"
"{""BetItems"":[{""BetMoney"":2,""BetNo"":""1100711"",""Odds"":""1.1""},{""BetMoney"":2,""BetNo"":""1100712"",""Odds"":""1.1""},{""BetMoney"":2,""BetNo"":""1100721"",""Odds"":""1.1""},{""BetMoney"":2,""BetNo"":""1100722"",""Odds"":""1.1""}],""LotteryId"":11,""UseLastOdds"":1}"
"{""BetItems"":[{""BetMoney"":2,""BetNo"":""1100721"",""Odds"":""1.1""}],""LotteryId"":11,""UseLastOdds"":1}"
"{""BetItems"":[{""BetMoney"":2,""BetNo"":""1100712"",""Odds"":""1.1""},{""BetMoney"":2,""BetNo"":""1100721"",""Odds"":""1.1""}],""LotteryId"":11,""UseLastOdds"":1}"
"{""BetItems"":[{""BetMoney"":2,""BetNo"":""1100721"",""Odds"":""1.1""},{""BetMoney"":2,""BetNo"":""1100722"",""Odds"":""1.1""}],""LotteryId"":11,""UseLastOdds"":1}"
"{""BetItems"":[{""BetMoney"":2,""BetNo"":""1100711"",""Odds"":""1.1""},{""BetMoney"":2,""BetNo"":""1100712"",""Odds"":""1.1""},{""BetMoney"":2,""BetNo"":""1100721"",""Odds"":""1.1""},{""BetMoney"":2,""BetNo"":""1100722"",""Odds"":""1.1""}],""LotteryId"":11,""UseLastOdds"":1}"
"{""BetItems"":[{""BetMoney"":2,""BetNo"":""1100711"",""Odds"":""1.1""},{""BetMoney"":2,""BetNo"":""1100712"",""Odds"":""1.1""},{""BetMoney"":2,""BetNo"":""1100721"",""Odds"":""1.1""}],""LotteryId"":11,""UseLastOdds"":1}"
"{""BetItems"":[{""BetMoney"":2,""BetNo"":""1100712"",""Odds"":""1.1""}],""LotteryId"":11,""UseLastOdds"":1}"
"{""BetItems"":[{""BetMoney"":2,""BetNo"":""1100711"",""Odds"":""1.1""},{""BetMoney"":2,""BetNo"":""1100712"",""Odds"":""1.1""},{""BetMoney"":2,""BetNo"":""1100721"",""Odds"":""1.1""},{""BetMoney"":2,""BetNo"":""1100722"",""Odds"":""1.1""}],""LotteryId"":11,""UseLastOdds"":1}"
"{""BetItems"":[{""BetMoney"":2,""BetNo"":""1100711"",""Odds"":""1.1""},{""BetMoney"":2,""BetNo"":""1100712"",""Odds"":""1.1""},{""BetMoney"":2,""BetNo"":""1100721"",""Odds"":""1.1""},{""BetMoney"":2,""BetNo"":""1100722"",""Odds"":""1.1""}],""LotteryId"":11,""UseLastOdds"":1}"
"{""BetItems"":[{""BetMoney"":2,""BetNo"":""1100722"",""Odds"":""1.1""}],""LotteryId"":11,""UseLastOdds"":1}"
"{""BetItems"":[{""BetMoney"":2,""BetNo"":""1100711"",""Odds"":""1.1""},{""BetMoney"":2,""BetNo"":""1100712"",""Odds"":""1.1""},{""BetMoney"":2,""BetNo"":""1100721"",""Odds"":""1.1""},{""BetMoney"":2,""BetNo"":""1100722"",""Odds"":""1.1""}],""LotteryId"":11,""UseLastOdds"":1}"
"{""BetItems"":[{""BetMoney"":2,""BetNo"":""1100711"",""Odds"":""1.1""},{""BetMoney"":2,""BetNo"":""1100722"",""Odds"":""1.1""}],""LotteryId"":11,""UseLastOdds"":1}"
"{""BetItems"":[{""BetMoney"":2,""BetNo"":""1100721"",""Odds"":""1.1""}],""LotteryId"":11,""UseLastOdds"":1}"
"{""BetItems"":[{""BetMoney"":2,""BetNo"":""1100711"",""Odds"":""1.1""},{""BetMoney"":2,""BetNo"":""1100712"",""Odds"":""1.1""},{""BetMoney"":2,""BetNo"":""1100721"",""Odds"":""1.1""},{""BetMoney"":2,""BetNo"":""1100722"",""Odds"":""1.1""}],""LotteryId"":11,""UseLastOdds"":1}"
"{""BetItems"":[{""BetMoney"":2,""BetNo"":""1100711"",""Odds"":""1.1""},{""BetMoney"":2,""BetNo"":""1100721"",""Odds"":""1.1""}],""LotteryId"":11,""UseLastOdds"":1}"
"{""BetItems"":[{""BetMoney"":2,""BetNo"":""1100712"",""Odds"":""1.1""}],""LotteryId"":11,""UseLastOdds"":1}"
"{""BetItems"":[{""BetMoney"":2,""BetNo"":""1100712"",""Odds"":""1.1""}],""LotteryId"":11,""UseLastOdds"":1}"
"{""BetItems"":[{""BetMoney"":2,""BetNo"":""1100711"",""Odds"":""1.1""},{""BetMoney"":2,""BetNo"":""1100712"",""Odds"":""1.1""},{""BetMoney"":2,""BetNo"":""1100721"",""Odds"":""1.1""}],""LotteryId"":11,""UseLastOdds"":1}"
"{""BetItems"":[{""BetMoney"":2,""BetNo"":""1100712"",""Odds"":""1.1""}],""LotteryId"":11,""UseLastOdds"":1}"
"{""BetItems"":[{""BetMoney"":2,""BetNo"":""1100721"",""Odds"":""1.1""},{""BetMoney"":2,""BetNo"":""1100722"",""Odds"":""1.1""}],""LotteryId"":11,""UseLastOdds"":1}"
"{""BetItems"":[{""BetMoney"":2,""BetNo"":""1100711"",""Odds"":""1.1""},{""BetMoney"":2,""BetNo"":""1100721"",""Odds"":""1.1""},{""BetMoney"":2,""BetNo"":""1100722"",""Odds"":""1.1""}],""LotteryId"":11,""UseLastOdds"":1}"
"{""BetItems"":[{""BetMoney"":2,""BetNo"":""1100711"",""Odds"":""1.1""},{""BetMoney"":2,""BetNo"":""1100712"",""Odds"":""1.1""},{""BetMoney"":2,""BetNo"":""1100721"",""Odds"":""1.1""},{""BetMoney"":2,""BetNo"":""1100722"",""Odds"":""1.1""}],""LotteryId"":11,""UseLastOdds"":1}"
"{""BetItems"":[{""BetMoney"":2,""BetNo"":""1100712"",""Odds"":""1.1""},{""BetMoney"":2,""BetNo"":""1100721"",""Odds"":""1.1""}],""LotteryId"":11,""UseLastOdds"":1}"
"{""BetItems"":[{""BetMoney"":2,""BetNo"":""1100722"",""Odds"":""1.1""}],""LotteryId"":11,""UseLastOdds"":1}"
"{""BetItems"":[{""BetMoney"":2,""BetNo"":""1100712"",""Odds"":""1.1""},{""BetMoney"":2,""BetNo"":""1100722"",""Odds"":""1.1""}],""LotteryId"":11,""UseLastOdds"":1}"
"{""BetItems"":[{""BetMoney"":2,""BetNo"":""1100711"",""Odds"":""1.1""},{""BetMoney"":2,""BetNo"":""1100721"",""Odds"":""1.1""},{""BetMoney"":2,""BetNo"":""1100722"",""Odds"":""1.1""}],""LotteryId"":11,""UseLastOdds"":1}"
"{""BetItems"":[{""BetMoney"":2,""BetNo"":""1100711"",""Odds"":""1.1""},{""BetMoney"":2,""BetNo"":""1100712"",""Odds"":""1.1""},{""BetMoney"":2,""BetNo"":""1100722"",""Odds"":""1.1""}],""LotteryId"":11,""UseLastOdds"":1}"
"{""BetItems"":[{""BetMoney"":2,""BetNo"":""1100711"",""Odds"":""1.1""},{""BetMoney"":2,""BetNo"":""1100712"",""Odds"":""1.1""},{""BetMoney"":2,""BetNo"":""1100722"",""Odds"":""1.1""}],""LotteryId"":11,""UseLastOdds"":1}"
"{""BetItems"":[{""BetMoney"":2,""BetNo"":""1100711"",""Odds"":""1.1""},{""BetMoney"":2,""BetNo"":""1100712"",""Odds"":""1.1""},{""BetMoney"":2,""BetNo"":""1100722"",""Odds"":""1.1""}],""LotteryId"":11,""UseLastOdds"":1}"
"{""BetItems"":[{""BetMoney"":2,""BetNo"":""1100712"",""Odds"":""1.1""}],""LotteryId"":11,""UseLastOdds"":1}"
"{""BetItems"":[{""BetMoney"":2,""BetNo"":""1100721"",""Odds"":""1.1""},{""BetMoney"":2,""BetNo"":""1100722"",""Odds"":""1.1""}],""LotteryId"":11,""UseLastOdds"":1}"
"{""BetItems"":[{""BetMoney"":2,""BetNo"":""1100722"",""Odds"":""1.1""}],""LotteryId"":11,""UseLastOdds"":1}"
"{""BetItems"":[{""BetMoney"":2,""BetNo"":""1100711"",""Odds"":""1.1""},{""BetMoney"":2,""BetNo"":""1100712"",""Odds"":""1.1""},{""BetMoney"":2,""BetNo"":""1100722"",""Odds"":""1.1""}],""LotteryId"":11,""UseLastOdds"":1}"
"{""BetItems"":[{""BetMoney"":2,""BetNo"":""1100711"",""Odds"":""1.1""},{""BetMoney"":2,""BetNo"":""1100721"",""Odds"":""1.1""}],""LotteryId"":11,""UseLastOdds"":1}"
"{""BetItems"":[{""BetMoney"":2,""BetNo"":""1100712"",""Odds"":""1.1""},{""BetMoney"":2,""BetNo"":""1100722"",""Odds"":""1.1""}],""LotteryId"":11,""UseLastOdds"":1}"
"{""BetItems"":[{""BetMoney"":2,""BetNo"":""1100711"",""Odds"":""1.1""},{""BetMoney"":2,""BetNo"":""1100712"",""Odds"":""1.1""}],""LotteryId"":11,""UseLastOdds"":1}"
"{""BetItems"":[{""BetMoney"":2,""BetNo"":""1100711"",""Odds"":""1.1""}],""LotteryId"":11,""UseLastOdds"":1}"
"{""BetItems"":[{""BetMoney"":2,""BetNo"":""1100711"",""Odds"":""1.1""},{""BetMoney"":2,""BetNo"":""1100721"",""Odds"":""1.1""}],""LotteryId"":11,""UseLastOdds"":1}"
"{""BetItems"":[{""BetMoney"":2,""BetNo"":""1100712"",""Odds"":""1.1""}],""LotteryId"":11,""UseLastOdds"":1}"
"{""BetItems"":[{""BetMoney"":2,""BetNo"":""1100722"",""Odds"":""1.1""}],""LotteryId"":11,""UseLastOdds"":1}"
"{""BetItems"":[{""BetMoney"":2,""BetNo"":""1100711"",""Odds"":""1.1""},{""BetMoney"":2,""BetNo"":""1100712"",""Odds"":""1.1""},{""BetMoney"":2,""BetNo"":""1100721"",""Odds"":""1.1""}],""LotteryId"":11,""UseLastOdds"":1}"
"{""BetItems"":[{""BetMoney"":2,""BetNo"":""1100711"",""Odds"":""1.1""},{""BetMoney"":2,""BetNo"":""1100712"",""Odds"":""1.1""},{""BetMoney"":2,""BetNo"":""1100722"",""Odds"":""1.1""}],""LotteryId"":11,""UseLastOdds"":1}"
"{""BetItems"":[{""BetMoney"":2,""BetNo"":""1100711"",""Odds"":""1.1""},{""BetMoney"":2,""BetNo"":""1100712"",""Odds"":""1.1""},{""BetMoney"":2,""BetNo"":""1100721"",""Odds"":""1.1""},{""BetMoney"":2,""BetNo"":""1100722"",""Odds"":""1.1""}],""LotteryId"":11,""UseLastOdds"":1}"
"{""BetItems"":[{""BetMoney"":2,""BetNo"":""1100722"",""Odds"":""1.1""}],""LotteryId"":11,""UseLastOdds"":1}"
"{""BetItems"":[{""BetMoney"":2,""BetNo"":""1100722"",""Odds"":""1.1""}],""LotteryId"":11,""UseLastOdds"":1}"
"{""BetItems"":[{""BetMoney"":2,""BetNo"":""1100712"",""Odds"":""1.1""},{""BetMoney"":2,""BetNo"":""1100721"",""Odds"":""1.1""},{""BetMoney"":2,""BetNo"":""1100722"",""Odds"":""1.1""}],""LotteryId"":11,""UseLastOdds"":1}"
"{""BetItems"":[{""BetMoney"":2,""BetNo"":""1100721"",""Odds"":""1.1""},{""BetMoney"":2,""BetNo"":""1100722"",""Odds"":""1.1""}],""LotteryId"":11,""UseLastOdds"":1}"
"{""BetItems"":[{""BetMoney"":2,""BetNo"":""1100711"",""Odds"":""1.1""},{""BetMoney"":2,""BetNo"":""1100712"",""Odds"":""1.1""},{""BetMoney"":2,""BetNo"":""1100721"",""Odds"":""1.1""},{""BetMoney"":2,""BetNo"":""1100722"",""Odds"":""1.1""}],""LotteryId"":11,""UseLastOdds"":1}"
"{""BetItems"":[{""BetMoney"":2,""BetNo"":""1100711"",""Odds"":""1.1""},{""BetMoney"":2,""BetNo"":""1100721"",""Odds"":""1.1""},{""BetMoney"":2,""BetNo"":""1100722"",""Odds"":""1.1""}],""LotteryId"":11,""UseLastOdds"":1}"
"{""BetItems"":[{""BetMoney"":2,""BetNo"":""1100711"",""Odds"":""1.1""},{""BetMoney"":2,""BetNo"":""1100712"",""Odds"":""1.1""},{""BetMoney"":2,""BetNo"":""1100721"",""Odds"":""1.1""},{""BetMoney"":2,""BetNo"":""1100722"",""Odds"":""1.1""}],""LotteryId"":11,""UseLastOdds"":1}"
"{""BetItems"":[{""BetMoney"":2,""BetNo"":""1100712"",""Odds"":""1.1""},{""BetMoney"":2,""BetNo"":""1100721"",""Odds"":""1.1""},{""BetMoney"":2,""BetNo"":""1100722"",""Odds"":""1.1""}],""LotteryId"":11,""UseLastOdds"":1}"
"{""BetItems"":[{""BetMoney"":2,""BetNo"":""1100711"",""Odds"":""1.1""},{""BetMoney"":2,""BetNo"":""1100721"",""Odds"":""1.1""}],""LotteryId"":11,""UseLastOdds"":1}"
"{""BetItems"":[{""BetMoney"":2,""BetNo"":""1100721"",""Odds"":""1.1""}],""LotteryId"":11,""UseLastOdds"":1}"
"{""BetItems"":[{""BetMoney"":2,""BetNo"":""1100712"",""Odds"":""1.1""},{""BetMoney"":2,""BetNo"":""1100721"",""Odds"":""1.1""}],""LotteryId"":11,""UseLastOdds"":1}"
"{""BetItems"":[{""BetMoney"":2,""BetNo"":""1100711"",""Odds"":""1.1""},{""BetMoney"":2,""BetNo"":""1100712"",""Odds"":""1.1""},{""BetMoney"":2,""BetNo"":""1100721"",""Odds"":""1.1""}],""LotteryId"":11,""UseLastOdds"":1}"
"{""BetItems"":[{""BetMoney"":2,""BetNo"":""1100711"",""Odds"":""1.1""},{""BetMoney"":2,""BetNo"":""1100721"",""Odds"":""1.1""},{""BetMoney"":2,""BetNo"":""1100722"",""Odds"":""1.1""}],""LotteryId"":11,""UseLastOdds"":1}"
"{""BetItems"":[{""BetMoney"":2,""BetNo"":""1100711"",""Odds"":""1.1""},{""BetMoney"":2,""BetNo"":""1100721"",""Odds"":""1.1""},{""BetMoney"":2,""BetNo"":""1100722"",""Odds"":""1.1""}],""LotteryId"":11,""UseLastOdds"":1}"
"{""BetItems"":[{""BetMoney"":2,""BetNo"":""1100712"",""Odds"":""1.1""},{""BetMoney"":2,""BetNo"":""1100722"",""Odds"":""1.1""}],""LotteryId"":11,""UseLastOdds"":1}"
"{""BetItems"":[{""BetMoney"":2,""BetNo"":""1100711"",""Odds"":""1.1""},{""BetMoney"":2,""BetNo"":""1100722"",""Odds"":""1.1""}],""LotteryId"":11,""UseLastOdds"":1}"
"{""BetItems"":[{""BetMoney"":2,""BetNo"":""1100711"",""Odds"":""1.1""},{""BetMoney"":2,""BetNo"":""1100712"",""Odds"":""1.1""},{""BetMoney"":2,""BetNo"":""1100721"",""Odds"":""1.1""}],""LotteryId"":11,""UseLastOdds"":1}"
"{""BetItems"":[{""BetMoney"":2,""BetNo"":""1100711"",""Odds"":""1.1""},{""BetMoney"":2,""BetNo"":""1100712"",""Odds"":""1.1""},{""BetMoney"":2,""BetNo"":""1100721"",""Odds"":""1.1""},{""BetMoney"":2,""BetNo"":""1100722"",""Odds"":""1.1""}],""LotteryId"":11,""UseLastOdds"":1}"
"{""BetItems"":[{""BetMoney"":2,""BetNo"":""1100711"",""Odds"":""1.1""},{""BetMoney"":2,""BetNo"":""1100712"",""Odds"":""1.1""},{""BetMoney"":2,""BetNo"":""1100721"",""Odds"":""1.1""},{""BetMoney"":2,""BetNo"":""1100722"",""Odds"":""1.1""}],""LotteryId"":11,""UseLastOdds"":1}"
"{""BetItems"":[{""BetMoney"":2,""BetNo"":""1100711"",""Odds"":""1.1""},{""BetMoney"":2,""BetNo"":""1100722"",""Odds"":""1.1""}],""LotteryId"":11,""UseLastOdds"":1}"
"{""BetItems"":[{""BetMoney"":2,""BetNo"":""1100721"",""Odds"":""1.1""}],""LotteryId"":11,""UseLastOdds"":1}"
"{""BetItems"":[{""BetMoney"":2,""BetNo"":""1100711"",""Odds"":""1.1""},{""BetMoney"":2,""BetNo"":""1100712"",""Odds"":""1.1""},{""BetMoney"":2,""BetNo"":""1100721"",""Odds"":""1.1""}],""LotteryId"":11,""UseLastOdds"":1}"
"{""BetItems"":[{""BetMoney"":2,""BetNo"":""1100711"",""Odds"":""1.1""},{""BetMoney"":2,""BetNo"":""1100721"",""Odds"":""1.1""}],""LotteryId"":11,""UseLastOdds"":1}"
"{""BetItems"":[{""BetMoney"":2,""BetNo"":""1100711"",""Odds"":""1.1""},{""BetMoney"":2,""BetNo"":""1100721"",""Odds"":""1.1""},{""BetMoney"":2,""BetNo"":""1100722"",""Odds"":""1.1""}],""LotteryId"":11,""UseLastOdds"":1}"
"{""BetItems"":[{""BetMoney"":2,""BetNo"":""1100711"",""Odds"":""1.1""},{""BetMoney"":2,""BetNo"":""1100712"",""Odds"":""1.1""},{""BetMoney"":2,""BetNo"":""1100721"",""Odds"":""1.1""},{""BetMoney"":2,""BetNo"":""1100722"",""Odds"":""1.1""}],""LotteryId"":11,""UseLastOdds"":1}"
"{""BetItems"":[{""BetMoney"":2,""BetNo"":""1100711"",""Odds"":""1.1""}],""LotteryId"":11,""UseLastOdds"":1}"
"{""BetItems"":[{""BetMoney"":2,""BetNo"":""1100712"",""Odds"":""1.1""},{""BetMoney"":2,""BetNo"":""1100721"",""Odds"":""1.1""},{""BetMoney"":2,""BetNo"":""1100722"",""Odds"":""1.1""}],""LotteryId"":11,""UseLastOdds"":1}"
"{""BetItems"":[{""BetMoney"":2,""BetNo"":""1100711"",""Odds"":""1.1""},{""BetMoney"":2,""BetNo"":""1100712"",""Odds"":""1.1""},{""BetMoney"":2,""BetNo"":""1100721"",""Odds"":""1.1""},{""BetMoney"":2,""BetNo"":""1100722"",""Odds"":""1.1""}],""LotteryId"":11,""UseLastOdds"":1}"
"{""BetItems"":[{""BetMoney"":2,""BetNo"":""1100711"",""Odds"":""1.1""},{""BetMoney"":2,""BetNo"":""1100721"",""Odds"":""1.1""}],""LotteryId"":11,""UseLastOdds"":1}"
"{""BetItems"":[{""BetMoney"":2,""BetNo"":""1100712"",""Odds"":""1.1""},{""BetMoney"":2,""BetNo"":""1100722"",""Odds"":""1.1""}],""LotteryId"":11,""UseLastOdds"":1}"
"{""BetItems"":[{""BetMoney"":2,""BetNo"":""1100712"",""Odds"":""1.1""}],""LotteryId"":11,""UseLastOdds"":1}"
"{""BetItems"":[{""BetMoney"":2,""BetNo"":""1100721"",""Odds"":""1.1""},{""BetMoney"":2,""BetNo"":""1100722"",""Odds"":""1.1""}],""LotteryId"":11,""UseLastOdds"":1}"
"{""BetItems"":[{""BetMoney"":2,""BetNo"":""1100712"",""Odds"":""1.1""},{""BetMoney"":2,""BetNo"":""1100721"",""Odds"":""1.1""},{""BetMoney"":2,""BetNo"":""1100722"",""Odds"":""1.1""}],""LotteryId"":11,""UseLastOdds"":1}"
"{""BetItems"":[{""BetMoney"":2,""BetNo"":""1100711"",""Odds"":""1.1""},{""BetMoney"":2,""BetNo"":""1100712"",""Odds"":""1.1""},{""BetMoney"":2,""BetNo"":""1100721"",""Odds"":""1.1""},{""BetMoney"":2,""BetNo"":""1100722"",""Odds"":""1.1""}],""LotteryId"":11,""UseLastOdds"":1}"
"{""BetItems"":[{""BetMoney"":2,""BetNo"":""1100711"",""Odds"":""1.1""},{""BetMoney"":2,""BetNo"":""1100712"",""Odds"":""1.1""},{""BetMoney"":2,""BetNo"":""1100721"",""Odds"":""1.1""},{""BetMoney"":2,""BetNo"":""1100722"",""Odds"":""1.1""}],""LotteryId"":11,""UseLastOdds"":1}"
"{""BetItems"":[{""BetMoney"":2,""BetNo"":""1100711"",""Odds"":""1.1""},{""BetMoney"":2,""BetNo"":""1100712"",""Odds"":""1.1""},{""BetMoney"":2,""BetNo"":""1100722"",""Odds"":""1.1""}],""LotteryId"":11,""UseLastOdds"":1}"
"{""BetItems"":[{""BetMoney"":2,""BetNo"":""1100711"",""Odds"":""1.1""},{""BetMoney"":2,""BetNo"":""1100712"",""Odds"":""1.1""},{""BetMoney"":2,""BetNo"":""1100721"",""Odds"":""1.1""},{""BetMoney"":2,""BetNo"":""1100722"",""Odds"":""1.1""}],""LotteryId"":11,""UseLastOdds"":1}"
"{""BetItems"":[{""BetMoney"":2,""BetNo"":""1100711"",""Odds"":""1.1""}],""LotteryId"":11,""UseLastOdds"":1}"
"{""BetItems"":[{""BetMoney"":2,""BetNo"":""1100711"",""Odds"":""1.1""},{""BetMoney"":2,""BetNo"":""1100722"",""Odds"":""1.1""}],""LotteryId"":11,""UseLastOdds"":1}"
"{""BetItems"":[{""BetMoney"":2,""BetNo"":""1100712"",""Odds"":""1.1""},{""BetMoney"":2,""BetNo"":""1100721"",""Odds"":""1.1""},{""BetMoney"":2,""BetNo"":""1100722"",""Odds"":""1.1""}],""LotteryId"":11,""UseLastOdds"":1}"
"{""BetItems"":[{""BetMoney"":2,""BetNo"":""1100711"",""Odds"":""1.1""},{""BetMoney"":2,""BetNo"":""1100721"",""Odds"":""1.1""},{""BetMoney"":2,""BetNo"":""1100722"",""Odds"":""1.1""}],""LotteryId"":11,""UseLastOdds"":1}"
"{""BetItems"":[{""BetMoney"":2,""BetNo"":""1100711"",""Odds"":""1.1""},{""BetMoney"":2,""BetNo"":""1100721"",""Odds"":""1.1""}],""LotteryId"":11,""UseLastOdds"":1}"
"{""BetItems"":[{""BetMoney"":2,""BetNo"":""1100711"",""Odds"":""1.1""},{""BetMoney"":2,""BetNo"":""1100712"",""Odds"":""1.1""},{""BetMoney"":2,""BetNo"":""1100721"",""Odds"":""1.1""},{""BetMoney"":2,""BetNo"":""1100722"",""Odds"":""1.1""}],""LotteryId"":11,""UseLastOdds"":1}"
"{""BetItems"":[{""BetMoney"":2,""BetNo"":""1100712"",""Odds"":""1.1""},{""BetMoney"":2,""BetNo"":""1100721"",""Odds"":""1.1""},{""BetMoney"":2,""BetNo"":""1100722"",""Odds"":""1.1""}],""LotteryId"":11,""UseLastOdds"":1}"
"{""BetItems"":[{""BetMoney"":2,""BetNo"":""1100711"",""Odds"":""1.1""},{""BetMoney"":2,""BetNo"":""1100712"",""Odds"":""1.1""},{""BetMoney"":2,""BetNo"":""1100721"",""Odds"":""1.1""}],""LotteryId"":11,""UseLastOdds"":1}"
"{""BetItems"":[{""BetMoney"":2,""BetNo"":""1100722"",""Odds"":""1.1""}],""LotteryId"":11,""UseLastOdds"":1}"
"{""BetItems"":[{""BetMoney"":2,""BetNo"":""1100712"",""Odds"":""1.1""},{""BetMoney"":2,""BetNo"":""1100721"",""Odds"":""1.1""},{""BetMoney"":2,""BetNo"":""1100722"",""Odds"":""1.1""}],""LotteryId"":11,""UseLastOdds"":1}"
"{""BetItems"":[{""BetMoney"":2,""BetNo"":""1100712"",""Odds"":""1.1""}],""LotteryId"":11,""UseLastOdds"":1}"
"{""BetItems"":[{""BetMoney"":2,""BetNo"":""1100711"",""Odds"":""1.1""},{""BetMoney"":2,""BetNo"":""1100712"",""Odds"":""1.1""},{""BetMoney"":2,""BetNo"":""1100721"",""Odds"":""1.1""},{""BetMoney"":2,""BetNo"":""1100722"",""Odds"":""1.1""}],""LotteryId"":11,""UseLastOdds"":1}"
"{""BetItems"":[{""BetMoney"":2,""BetNo"":""1100722"",""Odds"":""1.1""}],""LotteryId"":11,""UseLastOdds"":1}"
"{""BetItems"":[{""BetMoney"":2,""BetNo"":""1100722"",""Odds"":""1.1""}],""LotteryId"":11,""UseLastOdds"":1}"
"{""BetItems"":[{""BetMoney"":2,""BetNo"":""1100711"",""Odds"":""1.1""},{""BetMoney"":2,""BetNo"":""1100712"",""Odds"":""1.1""},{""BetMoney"":2,""BetNo"":""1100721"",""Odds"":""1.1""},{""BetMoney"":2,""BetNo"":""1100722"",""Odds"":""1.1""}],""LotteryId"":11,""UseLastOdds"":1}"
"{""BetItems"":[{""BetMoney"":2,""BetNo"":""1100711"",""Odds"":""1.1""},{""BetMoney"":2,""BetNo"":""1100721"",""Odds"":""1.1""}],""LotteryId"":11,""UseLastOdds"":1}"
"{""BetItems"":[{""BetMoney"":2,""BetNo"":""1100721"",""Odds"":""1.1""}],""LotteryId"":11,""UseLastOdds"":1}"
"{""BetItems"":[{""BetMoney"":2,""BetNo"":""1100712"",""Odds"":""1.1""},{""BetMoney"":2,""BetNo"":""1100721"",""Odds"":""1.1""},{""BetMoney"":2,""BetNo"":""1100722"",""Odds"":""1.1""}],""LotteryId"":11,""UseLastOdds"":1}"
"{""BetItems"":[{""BetMoney"":2,""BetNo"":""1100711"",""Odds"":""1.1""},{""BetMoney"":2,""BetNo"":""1100721"",""Odds"":""1.1""}],""LotteryId"":11,""UseLastOdds"":1}"
"{""BetItems"":[{""BetMoney"":2,""BetNo"":""1100711"",""Odds"":""1.1""},{""BetMoney"":2,""BetNo"":""1100721"",""Odds"":""1.1""},{""BetMoney"":2,""BetNo"":""1100722"",""Odds"":""1.1""}],""LotteryId"":11,""UseLastOdds"":1}"
"{""BetItems"":[{""BetMoney"":2,""BetNo"":""1100711"",""Odds"":""1.1""},{""BetMoney"":2,""BetNo"":""1100712"",""Odds"":""1.1""},{""BetMoney"":2,""BetNo"":""1100721"",""Odds"":""1.1""}],""LotteryId"":11,""UseLastOdds"":1}"
"{""BetItems"":[{""BetMoney"":2,""BetNo"":""1100711"",""Odds"":""1.1""},{""BetMoney"":2,""BetNo"":""1100712"",""Odds"":""1.1""},{""BetMoney"":2,""BetNo"":""1100722"",""Odds"":""1.1""}],""LotteryId"":11,""UseLastOdds"":1}"
"{""BetItems"":[{""BetMoney"":2,""BetNo"":""1100711"",""Odds"":""1.1""},{""BetMoney"":2,""BetNo"":""1100712"",""Odds"":""1.1""},{""BetMoney"":2,""BetNo"":""1100722"",""Odds"":""1.1""}],""LotteryId"":11,""UseLastOdds"":1}"
"{""BetItems"":[{""BetMoney"":2,""BetNo"":""1100711"",""Odds"":""1.1""},{""BetMoney"":2,""BetNo"":""1100712"",""Odds"":""1.1""},{""BetMoney"":2,""BetNo"":""1100722"",""Odds"":""1.1""}],""LotteryId"":11,""UseLastOdds"":1}"
"{""BetItems"":[{""BetMoney"":2,""BetNo"":""1100712"",""Odds"":""1.1""},{""BetMoney"":2,""BetNo"":""1100721"",""Odds"":""1.1""},{""BetMoney"":2,""BetNo"":""1100722"",""Odds"":""1.1""}],""LotteryId"":11,""UseLastOdds"":1}"
"{""BetItems"":[{""BetMoney"":2,""BetNo"":""1100711"",""Odds"":""1.1""},{""BetMoney"":2,""BetNo"":""1100721"",""Odds"":""1.1""},{""BetMoney"":2,""BetNo"":""1100722"",""Odds"":""1.1""}],""LotteryId"":11,""UseLastOdds"":1}"
"{""BetItems"":[{""BetMoney"":2,""BetNo"":""1100711"",""Odds"":""1.1""},{""BetMoney"":2,""BetNo"":""1100722"",""Odds"":""1.1""}],""LotteryId"":11,""UseLastOdds"":1}"
"{""BetItems"":[{""BetMoney"":2,""BetNo"":""1100712"",""Odds"":""1.1""}],""LotteryId"":11,""UseLastOdds"":1}"
"{""BetItems"":[{""BetMoney"":2,""BetNo"":""1100711"",""Odds"":""1.1""},{""BetMoney"":2,""BetNo"":""1100712"",""Odds"":""1.1""}],""LotteryId"":11,""UseLastOdds"":1}"
"{""BetItems"":[{""BetMoney"":2,""BetNo"":""1100712"",""Odds"":""1.1""},{""BetMoney"":2,""BetNo"":""1100721"",""Odds"":""1.1""},{""BetMoney"":2,""BetNo"":""1100722"",""Odds"":""1.1""}],""LotteryId"":11,""UseLastOdds"":1}"
"{""BetItems"":[{""BetMoney"":2,""BetNo"":""1100721"",""Odds"":""1.1""}],""LotteryId"":11,""UseLastOdds"":1}"
"{""BetItems"":[{""BetMoney"":2,""BetNo"":""1100721"",""Odds"":""1.1""},{""BetMoney"":2,""BetNo"":""1100722"",""Odds"":""1.1""}],""LotteryId"":11,""UseLastOdds"":1}"
"{""BetItems"":[{""BetMoney"":2,""BetNo"":""1100712"",""Odds"":""1.1""},{""BetMoney"":2,""BetNo"":""1100721"",""Odds"":""1.1""},{""BetMoney"":2,""BetNo"":""1100722"",""Odds"":""1.1""}],""LotteryId"":11,""UseLastOdds"":1}"
"{""BetItems"":[{""BetMoney"":2,""BetNo"":""1100711"",""Odds"":""1.1""},{""BetMoney"":2,""BetNo"":""1100712"",""Odds"":""1.1""},{""BetMoney"":2,""BetNo"":""1100721"",""Odds"":""1.1""}],""LotteryId"":11,""UseLastOdds"":1}"
"{""BetItems"":[{""BetMoney"":2,""BetNo"":""1100721"",""Odds"":""1.1""}],""LotteryId"":11,""UseLastOdds"":1}"
"{""BetItems"":[{""BetMoney"":2,""BetNo"":""1100712"",""Odds"":""1.1""},{""BetMoney"":2,""BetNo"":""1100722"",""Odds"":""1.1""}],""LotteryId"":11,""UseLastOdds"":1}"
"{""BetItems"":[{""BetMoney"":2,""BetNo"":""1100721"",""Odds"":""1.1""},{""BetMoney"":2,""BetNo"":""1100722"",""Odds"":""1.1""}],""LotteryId"":11,""UseLastOdds"":1}"
"{""BetItems"":[{""BetMoney"":2,""BetNo"":""1100711"",""Odds"":""1.1""},{""BetMoney"":2,""BetNo"":""1100712"",""Odds"":""1.1""},{""BetMoney"":2,""BetNo"":""1100721"",""Odds"":""1.1""}],""LotteryId"":11,""UseLastOdds"":1}"
"{""BetItems"":[{""BetMoney"":2,""BetNo"":""1100712"",""Odds"":""1.1""},{""BetMoney"":2,""BetNo"":""1100722"",""Odds"":""1.1""}],""LotteryId"":11,""UseLastOdds"":1}"
"{""BetItems"":[{""BetMoney"":2,""BetNo"":""1100721"",""Odds"":""1.1""}],""LotteryId"":11,""UseLastOdds"":1}"
"{""BetItems"":[{""BetMoney"":2,""BetNo"":""1100711"",""Odds"":""1.1""},{""BetMoney"":2,""BetNo"":""1100712"",""Odds"":""1.1""},{""BetMoney"":2,""BetNo"":""1100721"",""Odds"":""1.1""},{""BetMoney"":2,""BetNo"":""1100722"",""Odds"":""1.1""}],""LotteryId"":11,""UseLastOdds"":1}"
"{""BetItems"":[{""BetMoney"":2,""BetNo"":""1100721"",""Odds"":""1.1""}],""LotteryId"":11,""UseLastOdds"":1}"
"{""BetItems"":[{""BetMoney"":2,""BetNo"":""1100711"",""Odds"":""1.1""},{""BetMoney"":2,""BetNo"":""1100721"",""Odds"":""1.1""}],""LotteryId"":11,""UseLastOdds"":1}"
"{""BetItems"":[{""BetMoney"":2,""BetNo"":""1100711"",""Odds"":""1.1""},{""BetMoney"":2,""BetNo"":""1100721"",""Odds"":""1.1""},{""BetMoney"":2,""BetNo"":""1100722"",""Odds"":""1.1""}],""LotteryId"":11,""UseLastOdds"":1}"
"{""BetItems"":[{""BetMoney"":2,""BetNo"":""1100711"",""Odds"":""1.1""},{""BetMoney"":2,""BetNo"":""1100712"",""Odds"":""1.1""},{""BetMoney"":2,""BetNo"":""1100721"",""Odds"":""1.1""}],""LotteryId"":11,""UseLastOdds"":1}"
"{""BetItems"":[{""BetMoney"":2,""BetNo"":""1100712"",""Odds"":""1.1""}],""LotteryId"":11,""UseLastOdds"":1}"
"{""BetItems"":[{""BetMoney"":2,""BetNo"":""1100711"",""Odds"":""1.1""}],""LotteryId"":11,""UseLastOdds"":1}"
"{""BetItems"":[{""BetMoney"":2,""BetNo"":""1100711"",""Odds"":""1.1""},{""BetMoney"":2,""BetNo"":""1100712"",""Odds"":""1.1""},{""BetMoney"":2,""BetNo"":""1100721"",""Odds"":""1.1""},{""BetMoney"":2,""BetNo"":""1100722"",""Odds"":""1.1""}],""LotteryId"":11,""UseLastOdds"":1}"
"{""BetItems"":[{""BetMoney"":2,""BetNo"":""1100721"",""Odds"":""1.1""},{""BetMoney"":2,""BetNo"":""1100722"",""Odds"":""1.1""}],""LotteryId"":11,""UseLastOdds"":1}"
"{""BetItems"":[{""BetMoney"":2,""BetNo"":""1100722"",""Odds"":""1.1""}],""LotteryId"":11,""UseLastOdds"":1}"
"{""BetItems"":[{""BetMoney"":2,""BetNo"":""1100711"",""Odds"":""1.1""},{""BetMoney"":2,""BetNo"":""1100712"",""Odds"":""1.1""},{""BetMoney"":2,""BetNo"":""1100721"",""Odds"":""1.1""},{""BetMoney"":2,""BetNo"":""1100722"",""Odds"":""1.1""}],""LotteryId"":11,""UseLastOdds"":1}"
"{""BetItems"":[{""BetMoney"":2,""BetNo"":""1100711"",""Odds"":""1.1""},{""BetMoney"":2,""BetNo"":""1100712"",""Odds"":""1.1""},{""BetMoney"":2,""BetNo"":""1100721"",""Odds"":""1.1""},{""BetMoney"":2,""BetNo"":""1100722"",""Odds"":""1.1""}],""LotteryId"":11,""UseLastOdds"":1}"
"{""BetItems"":[{""BetMoney"":2,""BetNo"":""1100712"",""Odds"":""1.1""}],""LotteryId"":11,""UseLastOdds"":1}"
"{""BetItems"":[{""BetMoney"":2,""BetNo"":""1100712"",""Odds"":""1.1""},{""BetMoney"":2,""BetNo"":""1100722"",""Odds"":""1.1""}],""LotteryId"":11,""UseLastOdds"":1}"
"{""BetItems"":[{""BetMoney"":2,""BetNo"":""1100721"",""Odds"":""1.1""}],""LotteryId"":11,""UseLastOdds"":1}"
"{""BetItems"":[{""BetMoney"":2,""BetNo"":""1100711"",""Odds"":""1.1""},{""BetMoney"":2,""BetNo"":""1100712"",""Odds"":""1.1""},{""BetMoney"":2,""BetNo"":""1100721"",""Odds"":""1.1""}],""LotteryId"":11,""UseLastOdds"":1}"
"{""BetItems"":[{""BetMoney"":2,""BetNo"":""1100712"",""Odds"":""1.1""},{""BetMoney"":2,""BetNo"":""1100721"",""Odds"":""1.1""}],""LotteryId"":11,""UseLastOdds"":1}"
"{""BetItems"":[{""BetMoney"":2,""BetNo"":""1100711"",""Odds"":""1.1""},{""BetMoney"":2,""BetNo"":""1100712"",""Odds"":""1.1""},{""BetMoney"":2,""BetNo"":""1100721"",""Odds"":""1.1""},{""BetMoney"":2,""BetNo"":""1100722"",""Odds"":""1.1""}],""LotteryId"":11,""UseLastOdds"":1}"
"{""BetItems"":[{""BetMoney"":2,""BetNo"":""1100712"",""Odds"":""1.1""},{""BetMoney"":2,""BetNo"":""1100721"",""Odds"":""1.1""}],""LotteryId"":11,""UseLastOdds"":1}"
"{""BetItems"":[{""BetMoney"":2,""BetNo"":""1100721"",""Odds"":""1.1""}],""LotteryId"":11,""UseLastOdds"":1}"
"{""BetItems"":[{""BetMoney"":2,""BetNo"":""1100711"",""Odds"":""1.1""},{""BetMoney"":2,""BetNo"":""1100712"",""Odds"":""1.1""},{""BetMoney"":2,""BetNo"":""1100721"",""Odds"":""1.1""}],""LotteryId"":11,""UseLastOdds"":1}"
"{""BetItems"":[{""BetMoney"":2,""BetNo"":""1100711"",""Odds"":""1.1""},{""BetMoney"":2,""BetNo"":""1100712"",""Odds"":""1.1""},{""BetMoney"":2,""BetNo"":""1100721"",""Odds"":""1.1""}],""LotteryId"":11,""UseLastOdds"":1}"
"{""BetItems"":[{""BetMoney"":2,""BetNo"":""1100721"",""Odds"":""1.1""}],""LotteryId"":11,""UseLastOdds"":1}"
"{""BetItems"":[{""BetMoney"":2,""BetNo"":""1100722"",""Odds"":""1.1""}],""LotteryId"":11,""UseLastOdds"":1}"
"{""BetItems"":[{""BetMoney"":2,""BetNo"":""1100721"",""Odds"":""1.1""}],""LotteryId"":11,""UseLastOdds"":1}"
"{""BetItems"":[{""BetMoney"":2,""BetNo"":""1100711"",""Odds"":""1.1""},{""BetMoney"":2,""BetNo"":""1100712"",""Odds"":""1.1""},{""BetMoney"":2,""BetNo"":""1100721"",""Odds"":""1.1""},{""BetMoney"":2,""BetNo"":""1100722"",""Odds"":""1.1""}],""LotteryId"":11,""UseLastOdds"":1}"
"{""BetItems"":[{""BetMoney"":2,""BetNo"":""1100711"",""Odds"":""1.1""},{""BetMoney"":2,""BetNo"":""1100712"",""Odds"":""1.1""},{""BetMoney"":2,""BetNo"":""1100721"",""Odds"":""1.1""},{""BetMoney"":2,""BetNo"":""1100722"",""Odds"":""1.1""}],""LotteryId"":11,""UseLastOdds"":1}"
"{""BetItems"":[{""BetMoney"":2,""BetNo"":""1100711"",""Odds"":""1.1""}],""LotteryId"":11,""UseLastOdds"":1}"
"{""BetItems"":[{""BetMoney"":2,""BetNo"":""1100721"",""Odds"":""1.1""}],""LotteryId"":11,""UseLastOdds"":1}"
"{""BetItems"":[{""BetMoney"":2,""BetNo"":""1100721"",""Odds"":""1.1""}],""LotteryId"":11,""UseLastOdds"":1}"
"{""BetItems"":[{""BetMoney"":2,""BetNo"":""1100722"",""Odds"":""1.1""}],""LotteryId"":11,""UseLastOdds"":1}"
"{""BetItems"":[{""BetMoney"":2,""BetNo"":""1100721"",""Odds"":""1.1""},{""BetMoney"":2,""BetNo"":""1100722"",""Odds"":""1.1""}],""LotteryId"":11,""UseLastOdds"":1}"
"{""BetItems"":[{""BetMoney"":2,""BetNo"":""1100721"",""Odds"":""1.1""}],""LotteryId"":11,""UseLastOdds"":1}"
"{""BetItems"":[{""BetMoney"":2,""BetNo"":""1100711"",""Odds"":""1.1""},{""BetMoney"":2,""BetNo"":""1100712"",""Odds"":""1.1""},{""BetMoney"":2,""BetNo"":""1100721"",""Odds"":""1.1""},{""BetMoney"":2,""BetNo"":""1100722"",""Odds"":""1.1""}],""LotteryId"":11,""UseLastOdds"":1}"
"{""BetItems"":[{""BetMoney"":2,""BetNo"":""1100712"",""Odds"":""1.1""},{""BetMoney"":2,""BetNo"":""1100721"",""Odds"":""1.1""},{""BetMoney"":2,""BetNo"":""1100722"",""Odds"":""1.1""}],""LotteryId"":11,""UseLastOdds"":1}"
"{""BetItems"":[{""BetMoney"":2,""BetNo"":""1100711"",""Odds"":""1.1""},{""BetMoney"":2,""BetNo"":""1100712"",""Odds"":""1.1""},{""BetMoney"":2,""BetNo"":""1100721"",""Odds"":""1.1""}],""LotteryId"":11,""UseLastOdds"":1}"
"{""BetItems"":[{""BetMoney"":2,""BetNo"":""1100711"",""Odds"":""1.1""},{""BetMoney"":2,""BetNo"":""1100712"",""Odds"":""1.1""},{""BetMoney"":2,""BetNo"":""1100721"",""Odds"":""1.1""},{""BetMoney"":2,""BetNo"":""1100722"",""Odds"":""1.1""}],""LotteryId"":11,""UseLastOdds"":1}"
"{""BetItems"":[{""BetMoney"":2,""BetNo"":""1100712"",""Odds"":""1.1""}],""LotteryId"":11,""UseLastOdds"":1}"
"{""BetItems"":[{""BetMoney"":2,""BetNo"":""1100711"",""Odds"":""1.1""},{""BetMoney"":2,""BetNo"":""1100712"",""Odds"":""1.1""},{""BetMoney"":2,""BetNo"":""1100722"",""Odds"":""1.1""}],""LotteryId"":11,""UseLastOdds"":1}"
"{""BetItems"":[{""BetMoney"":2,""BetNo"":""1100711"",""Odds"":""1.1""},{""BetMoney"":2,""BetNo"":""1100712"",""Odds"":""1.1""},{""BetMoney"":2,""BetNo"":""1100722"",""Odds"":""1.1""}],""LotteryId"":11,""UseLastOdds"":1}"
"{""BetItems"":[{""BetMoney"":2,""BetNo"":""1100711"",""Odds"":""1.1""},{""BetMoney"":2,""BetNo"":""1100712"",""Odds"":""1.1""},{""BetMoney"":2,""BetNo"":""1100721"",""Odds"":""1.1""},{""BetMoney"":2,""BetNo"":""1100722"",""Odds"":""1.1""}],""LotteryId"":11,""UseLastOdds"":1}"
"{""BetItems"":[{""BetMoney"":2,""BetNo"":""1100712"",""Odds"":""1.1""}],""LotteryId"":11,""UseLastOdds"":1}"
"{""BetItems"":[{""BetMoney"":2,""BetNo"":""1100711"",""Odds"":""1.1""},{""BetMoney"":2,""BetNo"":""1100712"",""Odds"":""1.1""},{""BetMoney"":2,""BetNo"":""1100721"",""Odds"":""1.1""},{""BetMoney"":2,""BetNo"":""1100722"",""Odds"":""1.1""}],""LotteryId"":11,""UseLastOdds"":1}"
"{""BetItems"":[{""BetMoney"":2,""BetNo"":""1100711"",""Odds"":""1.1""},{""BetMoney"":2,""BetNo"":""1100712"",""Odds"":""1.1""},{""BetMoney"":2,""BetNo"":""1100721"",""Odds"":""1.1""}],""LotteryId"":11,""UseLastOdds"":1}"
"{""BetItems"":[{""BetMoney"":2,""BetNo"":""1100712"",""Odds"":""1.1""},{""BetMoney"":2,""BetNo"":""1100721"",""Odds"":""1.1""},{""BetMoney"":2,""BetNo"":""1100722"",""Odds"":""1.1""}],""LotteryId"":11,""UseLastOdds"":1}"
"{""BetItems"":[{""BetMoney"":2,""BetNo"":""1100711"",""Odds"":""1.1""}],""LotteryId"":11,""UseLastOdds"":1}"
"{""BetItems"":[{""BetMoney"":2,""BetNo"":""1100711"",""Odds"":""1.1""}],""LotteryId"":11,""UseLastOdds"":1}"
"{""BetItems"":[{""BetMoney"":2,""BetNo"":""1100722"",""Odds"":""1.1""}],""LotteryId"":11,""UseLastOdds"":1}"
"{""BetItems"":[{""BetMoney"":2,""BetNo"":""1100722"",""Odds"":""1.1""}],""LotteryId"":11,""UseLastOdds"":1}"
"{""BetItems"":[{""BetMoney"":2,""BetNo"":""1100711"",""Odds"":""1.1""},{""BetMoney"":2,""BetNo"":""1100721"",""Odds"":""1.1""}],""LotteryId"":11,""UseLastOdds"":1}"
"{""BetItems"":[{""BetMoney"":2,""BetNo"":""1100711"",""Odds"":""1.1""},{""BetMoney"":2,""BetNo"":""1100712"",""Odds"":""1.1""},{""BetMoney"":2,""BetNo"":""1100721"",""Odds"":""1.1""},{""BetMoney"":2,""BetNo"":""1100722"",""Odds"":""1.1""}],""LotteryId"":11,""UseLastOdds"":1}"
"{""BetItems"":[{""BetMoney"":2,""BetNo"":""1100721"",""Odds"":""1.1""}],""LotteryId"":11,""UseLastOdds"":1}"
"{""BetItems"":[{""BetMoney"":2,""BetNo"":""1100712"",""Odds"":""1.1""}],""LotteryId"":11,""UseLastOdds"":1}"
"{""BetItems"":[{""BetMoney"":2,""BetNo"":""1100712"",""Odds"":""1.1""},{""BetMoney"":2,""BetNo"":""1100721"",""Odds"":""1.1""},{""BetMoney"":2,""BetNo"":""1100722"",""Odds"":""1.1""}],""LotteryId"":11,""UseLastOdds"":1}"
"{""BetItems"":[{""BetMoney"":2,""BetNo"":""1100711"",""Odds"":""1.1""},{""BetMoney"":2,""BetNo"":""1100712"",""Odds"":""1.1""},{""BetMoney"":2,""BetNo"":""1100721"",""Odds"":""1.1""},{""BetMoney"":2,""BetNo"":""1100722"",""Odds"":""1.1""}],""LotteryId"":11,""UseLastOdds"":1}"
"{""BetItems"":[{""BetMoney"":2,""BetNo"":""1100711"",""Odds"":""1.1""},{""BetMoney"":2,""BetNo"":""1100722"",""Odds"":""1.1""}],""LotteryId"":11,""UseLastOdds"":1}"
"{""BetItems"":[{""BetMoney"":2,""BetNo"":""1100711"",""Odds"":""1.1""},{""BetMoney"":2,""BetNo"":""1100712"",""Odds"":""1.1""},{""BetMoney"":2,""BetNo"":""1100721"",""Odds"":""1.1""}],""LotteryId"":11,""UseLastOdds"":1}"
"{""BetItems"":[{""BetMoney"":2,""BetNo"":""1100711"",""Odds"":""1.1""},{""BetMoney"":2,""BetNo"":""1100721"",""Odds"":""1.1""}],""LotteryId"":11,""UseLastOdds"":1}"
"{""BetItems"":[{""BetMoney"":2,""BetNo"":""1100711"",""Odds"":""1.1""},{""BetMoney"":2,""BetNo"":""1100712"",""Odds"":""1.1""},{""BetMoney"":2,""BetNo"":""1100721"",""Odds"":""1.1""},{""BetMoney"":2,""BetNo"":""1100722"",""Odds"":""1.1""}],""LotteryId"":11,""UseLastOdds"":1}"
"{""BetItems"":[{""BetMoney"":2,""BetNo"":""1100711"",""Odds"":""1.1""},{""BetMoney"":2,""BetNo"":""1100712"",""Odds"":""1.1""},{""BetMoney"":2,""BetNo"":""1100721"",""Odds"":""1.1""},{""BetMoney"":2,""BetNo"":""1100722"",""Odds"":""1.1""}],""LotteryId"":11,""UseLastOdds"":1}"
"{""BetItems"":[{""BetMoney"":2,""BetNo"":""1100711"",""Odds"":""1.1""},{""BetMoney"":2,""BetNo"":""1100712"",""Odds"":""1.1""},{""BetMoney"":2,""BetNo"":""1100721"",""Odds"":""1.1""},{""BetMoney"":2,""BetNo"":""1100722"",""Odds"":""1.1""}],""LotteryId"":11,""UseLastOdds"":1}"
"{""BetItems"":[{""BetMoney"":2,""BetNo"":""1100721"",""Odds"":""1.1""},{""BetMoney"":2,""BetNo"":""1100722"",""Odds"":""1.1""}],""LotteryId"":11,""UseLastOdds"":1}"
"{""BetItems"":[{""BetMoney"":2,""BetNo"":""1100711"",""Odds"":""1.1""},{""BetMoney"":2,""BetNo"":""1100721"",""Odds"":""1.1""}],""LotteryId"":11,""UseLastOdds"":1}"
"{""BetItems"":[{""BetMoney"":2,""BetNo"":""1100721"",""Odds"":""1.1""}],""LotteryId"":11,""UseLastOdds"":1}"
"{""BetItems"":[{""BetMoney"":2,""BetNo"":""1100711"",""Odds"":""1.1""},{""BetMoney"":2,""BetNo"":""1100712"",""Odds"":""1.1""},{""BetMoney"":2,""BetNo"":""1100721"",""Odds"":""1.1""},{""BetMoney"":2,""BetNo"":""1100722"",""Odds"":""1.1""}],""LotteryId"":11,""UseLastOdds"":1}"
"{""BetItems"":[{""BetMoney"":2,""BetNo"":""1100711"",""Odds"":""1.1""},{""BetMoney"":2,""BetNo"":""1100712"",""Odds"":""1.1""},{""BetMoney"":2,""BetNo"":""1100721"",""Odds"":""1.1""},{""BetMoney"":2,""BetNo"":""1100722"",""Odds"":""1.1""}],""LotteryId"":11,""UseLastOdds"":1}"
"{""BetItems"":[{""BetMoney"":2,""BetNo"":""1100711"",""Odds"":""1.1""},{""BetMoney"":2,""BetNo"":""1100712"",""Odds"":""1.1""},{""BetMoney"":2,""BetNo"":""1100721"",""Odds"":""1.1""}],""LotteryId"":11,""UseLastOdds"":1}"
"{""BetItems"":[{""BetMoney"":2,""BetNo"":""1100711"",""Odds"":""1.1""},{""BetMoney"":2,""BetNo"":""1100712"",""Odds"":""1.1""},{""BetMoney"":2,""BetNo"":""1100721"",""Odds"":""1.1""},{""BetMoney"":2,""BetNo"":""1100722"",""Odds"":""1.1""}],""LotteryId"":11,""UseLastOdds"":1}"
"{""BetItems"":[{""BetMoney"":2,""BetNo"":""1100711"",""Odds"":""1.1""},{""BetMoney"":2,""BetNo"":""1100712"",""Odds"":""1.1""},{""BetMoney"":2,""BetNo"":""1100721"",""Odds"":""1.1""},{""BetMoney"":2,""BetNo"":""1100722"",""Odds"":""1.1""}],""LotteryId"":11,""UseLastOdds"":1}"
"{""BetItems"":[{""BetMoney"":2,""BetNo"":""1100712"",""Odds"":""1.1""}],""LotteryId"":11,""UseLastOdds"":1}"
"{""BetItems"":[{""BetMoney"":2,""BetNo"":""1100712"",""Odds"":""1.1""},{""BetMoney"":2,""BetNo"":""1100722"",""Odds"":""1.1""}],""LotteryId"":11,""UseLastOdds"":1}"
"{""BetItems"":[{""BetMoney"":2,""BetNo"":""1100711"",""Odds"":""1.1""},{""BetMoney"":2,""BetNo"":""1100712"",""Odds"":""1.1""},{""BetMoney"":2,""BetNo"":""1100721"",""Odds"":""1.1""}],""LotteryId"":11,""UseLastOdds"":1}"
"{""BetItems"":[{""BetMoney"":2,""BetNo"":""1100712"",""Odds"":""1.1""},{""BetMoney"":2,""BetNo"":""1100722"",""Odds"":""1.1""}],""LotteryId"":11,""UseLastOdds"":1}"
"{""BetItems"":[{""BetMoney"":2,""BetNo"":""1100711"",""Odds"":""1.1""},{""BetMoney"":2,""BetNo"":""1100712"",""Odds"":""1.1""},{""BetMoney"":2,""BetNo"":""1100721"",""Odds"":""1.1""}],""LotteryId"":11,""UseLastOdds"":1}"
"{""BetItems"":[{""BetMoney"":2,""BetNo"":""1100711"",""Odds"":""1.1""},{""BetMoney"":2,""BetNo"":""1100721"",""Odds"":""1.1""}],""LotteryId"":11,""UseLastOdds"":1}"
"{""BetItems"":[{""BetMoney"":2,""BetNo"":""1100711"",""Odds"":""1.1""}],""LotteryId"":11,""UseLastOdds"":1}"
"{""BetItems"":[{""BetMoney"":2,""BetNo"":""1100711"",""Odds"":""1.1""},{""BetMoney"":2,""BetNo"":""1100721"",""Odds"":""1.1""}],""LotteryId"":11,""UseLastOdds"":1}"
"{""BetItems"":[{""BetMoney"":2,""BetNo"":""1100712"",""Odds"":""1.1""},{""BetMoney"":2,""BetNo"":""1100721"",""Odds"":""1.1""},{""BetMoney"":2,""BetNo"":""1100722"",""Odds"":""1.1""}],""LotteryId"":11,""UseLastOdds"":1}"
"{""BetItems"":[{""BetMoney"":2,""BetNo"":""1100721"",""Odds"":""1.1""},{""BetMoney"":2,""BetNo"":""1100722"",""Odds"":""1.1""}],""LotteryId"":11,""UseLastOdds"":1}"
"{""BetItems"":[{""BetMoney"":2,""BetNo"":""1100722"",""Odds"":""1.1""}],""LotteryId"":11,""UseLastOdds"":1}"
"{""BetItems"":[{""BetMoney"":2,""BetNo"":""1100711"",""Odds"":""1.1""},{""BetMoney"":2,""BetNo"":""1100721"",""Odds"":""1.1""},{""BetMoney"":2,""BetNo"":""1100722"",""Odds"":""1.1""}],""LotteryId"":11,""UseLastOdds"":1}"
"{""BetItems"":[{""BetMoney"":2,""BetNo"":""1100711"",""Odds"":""1.1""},{""BetMoney"":2,""BetNo"":""1100712"",""Odds"":""1.1""},{""BetMoney"":2,""BetNo"":""1100722"",""Odds"":""1.1""}],""LotteryId"":11,""UseLastOdds"":1}"
"{""BetItems"":[{""BetMoney"":2,""BetNo"":""1100711"",""Odds"":""1.1""},{""BetMoney"":2,""BetNo"":""1100712"",""Odds"":""1.1""},{""BetMoney"":2,""BetNo"":""1100721"",""Odds"":""1.1""}],""LotteryId"":11,""UseLastOdds"":1}"
"{""BetItems"":[{""BetMoney"":2,""BetNo"":""1100712"",""Odds"":""1.1""}],""LotteryId"":11,""UseLastOdds"":1}"
"{""BetItems"":[{""BetMoney"":2,""BetNo"":""1100711"",""Odds"":""1.1""},{""BetMoney"":2,""BetNo"":""1100712"",""Odds"":""1.1""},{""BetMoney"":2,""BetNo"":""1100721"",""Odds"":""1.1""}],""LotteryId"":11,""UseLastOdds"":1}"
"{""BetItems"":[{""BetMoney"":2,""BetNo"":""1100711"",""Odds"":""1.1""},{""BetMoney"":2,""BetNo"":""1100712"",""Odds"":""1.1""}],""LotteryId"":11,""UseLastOdds"":1}"
"{""BetItems"":[{""BetMoney"":2,""BetNo"":""1100722"",""Odds"":""1.1""}],""LotteryId"":11,""UseLastOdds"":1}"
"{""BetItems"":[{""BetMoney"":2,""BetNo"":""1100711"",""Odds"":""1.1""},{""BetMoney"":2,""BetNo"":""1100712"",""Odds"":""1.1""},{""BetMoney"":2,""BetNo"":""1100721"",""Odds"":""1.1""},{""BetMoney"":2,""BetNo"":""1100722"",""Odds"":""1.1""}],""LotteryId"":11,""UseLastOdds"":1}"
"{""BetItems"":[{""BetMoney"":2,""BetNo"":""1100711"",""Odds"":""1.1""},{""BetMoney"":2,""BetNo"":""1100721"",""Odds"":""1.1""},{""BetMoney"":2,""BetNo"":""1100722"",""Odds"":""1.1""}],""LotteryId"":11,""UseLastOdds"":1}"
"{""BetItems"":[{""BetMoney"":2,""BetNo"":""1100721"",""Odds"":""1.1""},{""BetMoney"":2,""BetNo"":""1100722"",""Odds"":""1.1""}],""LotteryId"":11,""UseLastOdds"":1}"
"{""BetItems"":[{""BetMoney"":2,""BetNo"":""1100721"",""Odds"":""1.1""}],""LotteryId"":11,""UseLastOdds"":1}"
"{""BetItems"":[{""BetMoney"":2,""BetNo"":""1100711"",""Odds"":""1.1""},{""BetMoney"":2,""BetNo"":""1100721"",""Odds"":""1.1""}],""LotteryId"":11,""UseLastOdds"":1}"
"{""BetItems"":[{""BetMoney"":2,""BetNo"":""1100722"",""Odds"":""1.1""}],""LotteryId"":11,""UseLastOdds"":1}"
"{""BetItems"":[{""BetMoney"":2,""BetNo"":""1100711"",""Odds"":""1.1""},{""BetMoney"":2,""BetNo"":""1100722"",""Odds"":""1.1""}],""LotteryId"":11,""UseLastOdds"":1}"
"{""BetItems"":[{""BetMoney"":2,""BetNo"":""1100712"",""Odds"":""1.1""},{""BetMoney"":2,""BetNo"":""1100721"",""Odds"":""1.1""},{""BetMoney"":2,""BetNo"":""1100722"",""Odds"":""1.1""}],""LotteryId"":11,""UseLastOdds"":1}"
"{""BetItems"":[{""BetMoney"":2,""BetNo"":""1100721"",""Odds"":""1.1""},{""BetMoney"":2,""BetNo"":""1100722"",""Odds"":""1.1""}],""LotteryId"":11,""UseLastOdds"":1}"
"{""BetItems"":[{""BetMoney"":2,""BetNo"":""1100712"",""Odds"":""1.1""},{""BetMoney"":2,""BetNo"":""1100721"",""Odds"":""1.1""}],""LotteryId"":11,""UseLastOdds"":1}"
"{""BetItems"":[{""BetMoney"":2,""BetNo"":""1100711"",""Odds"":""1.1""},{""BetMoney"":2,""BetNo"":""1100722"",""Odds"":""1.1""}],""LotteryId"":11,""UseLastOdds"":1}"
"{""BetItems"":[{""BetMoney"":2,""BetNo"":""1100711"",""Odds"":""1.1""}],""LotteryId"":11,""UseLastOdds"":1}"
"{""BetItems"":[{""BetMoney"":2,""BetNo"":""1100711"",""Odds"":""1.1""},{""BetMoney"":2,""BetNo"":""1100712"",""Odds"":""1.1""},{""BetMoney"":2,""BetNo"":""1100721"",""Odds"":""1.1""},{""BetMoney"":2,""BetNo"":""1100722"",""Odds"":""1.1""}],""LotteryId"":11,""UseLastOdds"":1}"
"{""BetItems"":[{""BetMoney"":2,""BetNo"":""1100711"",""Odds"":""1.1""},{""BetMoney"":2,""BetNo"":""1100712"",""Odds"":""1.1""},{""BetMoney"":2,""BetNo"":""1100721"",""Odds"":""1.1""},{""BetMoney"":2,""BetNo"":""1100722"",""Odds"":""1.1""}],""LotteryId"":11,""UseLastOdds"":1}"
"{""BetItems"":[{""BetMoney"":2,""BetNo"":""1100711"",""Odds"":""1.1""},{""BetMoney"":2,""BetNo"":""1100712"",""Odds"":""1.1""},{""BetMoney"":2,""BetNo"":""1100722"",""Odds"":""1.1""}],""LotteryId"":11,""UseLastOdds"":1}"
"{""BetItems"":[{""BetMoney"":2,""BetNo"":""1100722"",""Odds"":""1.1""}],""LotteryId"":11,""UseLastOdds"":1}"
"{""BetItems"":[{""BetMoney"":2,""BetNo"":""1100711"",""Odds"":""1.1""},{""BetMoney"":2,""BetNo"":""1100712"",""Odds"":""1.1""},{""BetMoney"":2,""BetNo"":""1100722"",""Odds"":""1.1""}],""LotteryId"":11,""UseLastOdds"":1}"
"{""BetItems"":[{""BetMoney"":2,""BetNo"":""1100721"",""Odds"":""1.1""},{""BetMoney"":2,""BetNo"":""1100722"",""Odds"":""1.1""}],""LotteryId"":11,""UseLastOdds"":1}"
"{""BetItems"":[{""BetMoney"":2,""BetNo"":""1100712"",""Odds"":""1.1""},{""BetMoney"":2,""BetNo"":""1100722"",""Odds"":""1.1""}],""LotteryId"":11,""UseLastOdds"":1}"
"{""BetItems"":[{""BetMoney"":2,""BetNo"":""1100711"",""Odds"":""1.1""},{""BetMoney"":2,""BetNo"":""1100721"",""Odds"":""1.1""},{""BetMoney"":2,""BetNo"":""1100722"",""Odds"":""1.1""}],""LotteryId"":11,""UseLastOdds"":1}"
"{""BetItems"":[{""BetMoney"":2,""BetNo"":""1100722"",""Odds"":""1.1""}],""LotteryId"":11,""UseLastOdds"":1}"
"{""BetItems"":[{""BetMoney"":2,""BetNo"":""1100711"",""Odds"":""1.1""},{""BetMoney"":2,""BetNo"":""1100712"",""Odds"":""1.1""},{""BetMoney"":2,""BetNo"":""1100721"",""Odds"":""1.1""},{""BetMoney"":2,""BetNo"":""1100722"",""Odds"":""1.1""}],""LotteryId"":11,""UseLastOdds"":1}"
"{""BetItems"":[{""BetMoney"":2,""BetNo"":""1100721"",""Odds"":""1.1""}],""LotteryId"":11,""UseLastOdds"":1}"
"{""BetItems"":[{""BetMoney"":2,""BetNo"":""1100711"",""Odds"":""1.1""},{""BetMoney"":2,""BetNo"":""1100721"",""Odds"":""1.1""},{""BetMoney"":2,""BetNo"":""1100722"",""Odds"":""1.1""}],""LotteryId"":11,""UseLastOdds"":1}"
"{""BetItems"":[{""BetMoney"":2,""BetNo"":""1100711"",""Odds"":""1.1""},{""BetMoney"":2,""BetNo"":""1100712"",""Odds"":""1.1""},{""BetMoney"":2,""BetNo"":""1100721"",""Odds"":""1.1""},{""BetMoney"":2,""BetNo"":""1100722"",""Odds"":""1.1""}],""LotteryId"":11,""UseLastOdds"":1}"
"{""BetItems"":[{""BetMoney"":2,""BetNo"":""1100712"",""Odds"":""1.1""},{""BetMoney"":2,""BetNo"":""1100722"",""Odds"":""1.1""}],""LotteryId"":11,""UseLastOdds"":1}"
"{""BetItems"":[{""BetMoney"":2,""BetNo"":""1100711"",""Odds"":""1.1""},{""BetMoney"":2,""BetNo"":""1100721"",""Odds"":""1.1""},{""BetMoney"":2,""BetNo"":""1100722"",""Odds"":""1.1""}],""LotteryId"":11,""UseLastOdds"":1}"
"{""BetItems"":[{""BetMoney"":2,""BetNo"":""1100711"",""Odds"":""1.1""},{""BetMoney"":2,""BetNo"":""1100712"",""Odds"":""1.1""},{""BetMoney"":2,""BetNo"":""1100722"",""Odds"":""1.1""}],""LotteryId"":11,""UseLastOdds"":1}"
"{""BetItems"":[{""BetMoney"":2,""BetNo"":""1100711"",""Odds"":""1.1""},{""BetMoney"":2,""BetNo"":""1100712"",""Odds"":""1.1""},{""BetMoney"":2,""BetNo"":""1100721"",""Odds"":""1.1""},{""BetMoney"":2,""BetNo"":""1100722"",""Odds"":""1.1""}],""LotteryId"":11,""UseLastOdds"":1}"
"{""BetItems"":[{""BetMoney"":2,""BetNo"":""1100711"",""Odds"":""1.1""}],""LotteryId"":11,""UseLastOdds"":1}"
"{""BetItems"":[{""BetMoney"":2,""BetNo"":""1100711"",""Odds"":""1.1""},{""BetMoney"":2,""BetNo"":""1100721"",""Odds"":""1.1""},{""BetMoney"":2,""BetNo"":""1100722"",""Odds"":""1.1""}],""LotteryId"":11,""UseLastOdds"":1}"
"{""BetItems"":[{""BetMoney"":2,""BetNo"":""1100721"",""Odds"":""1.1""}],""LotteryId"":11,""UseLastOdds"":1}"
"{""BetItems"":[{""BetMoney"":2,""BetNo"":""1100711"",""Odds"":""1.1""},{""BetMoney"":2,""BetNo"":""1100712"",""Odds"":""1.1""},{""BetMoney"":2,""BetNo"":""1100722"",""Odds"":""1.1""}],""LotteryId"":11,""UseLastOdds"":1}"
"{""BetItems"":[{""BetMoney"":2,""BetNo"":""1100712"",""Odds"":""1.1""}],""LotteryId"":11,""UseLastOdds"":1}"
"{""BetItems"":[{""BetMoney"":2,""BetNo"":""1100722"",""Odds"":""1.1""}],""LotteryId"":11,""UseLastOdds"":1}"
"{""BetItems"":[{""BetMoney"":2,""BetNo"":""1100711"",""Odds"":""1.1""},{""BetMoney"":2,""BetNo"":""1100712"",""Odds"":""1.1""},{""BetMoney"":2,""BetNo"":""1100721"",""Odds"":""1.1""},{""BetMoney"":2,""BetNo"":""1100722"",""Odds"":""1.1""}],""LotteryId"":11,""UseLastOdds"":1}"
"{""BetItems"":[{""BetMoney"":2,""BetNo"":""1100712"",""Odds"":""1.1""},{""BetMoney"":2,""BetNo"":""1100721"",""Odds"":""1.1""}],""LotteryId"":11,""UseLastOdds"":1}"
"{""BetItems"":[{""BetMoney"":2,""BetNo"":""1100711"",""Odds"":""1.1""},{""BetMoney"":2,""BetNo"":""1100721"",""Odds"":""1.1""},{""BetMoney"":2,""BetNo"":""1100722"",""Odds"":""1.1""}],""LotteryId"":11,""UseLastOdds"":1}"
"{""BetItems"":[{""BetMoney"":2,""BetNo"":""1100711"",""Odds"":""1.1""},{""BetMoney"":2,""BetNo"":""1100721"",""Odds"":""1.1""},{""BetMoney"":2,""BetNo"":""1100722"",""Odds"":""1.1""}],""LotteryId"":11,""UseLastOdds"":1}"
"{""BetItems"":[{""BetMoney"":2,""BetNo"":""1100711"",""Odds"":""1.1""},{""BetMoney"":2,""BetNo"":""1100712"",""Odds"":""1.1""},{""BetMoney"":2,""BetNo"":""1100722"",""Odds"":""1.1""}],""LotteryId"":11,""UseLastOdds"":1}"
"{""BetItems"":[{""BetMoney"":2,""BetNo"":""1100722"",""Odds"":""1.1""}],""LotteryId"":11,""UseLastOdds"":1}"
"{""BetItems"":[{""BetMoney"":2,""BetNo"":""1100712"",""Odds"":""1.1""}],""LotteryId"":11,""UseLastOdds"":1}"
"{""BetItems"":[{""BetMoney"":2,""BetNo"":""1100712"",""Odds"":""1.1""},{""BetMoney"":2,""BetNo"":""1100721"",""Odds"":""1.1""},{""BetMoney"":2,""BetNo"":""1100722"",""Odds"":""1.1""}],""LotteryId"":11,""UseLastOdds"":1}"
"{""BetItems"":[{""BetMoney"":2,""BetNo"":""1100712"",""Odds"":""1.1""},{""BetMoney"":2,""BetNo"":""1100721"",""Odds"":""1.1""},{""BetMoney"":2,""BetNo"":""1100722"",""Odds"":""1.1""}],""LotteryId"":11,""UseLastOdds"":1}"
"{""BetItems"":[{""BetMoney"":2,""BetNo"":""1100711"",""Odds"":""1.1""},{""BetMoney"":2,""BetNo"":""1100712"",""Odds"":""1.1""},{""BetMoney"":2,""BetNo"":""1100721"",""Odds"":""1.1""},{""BetMoney"":2,""BetNo"":""1100722"",""Odds"":""1.1""}],""LotteryId"":11,""UseLastOdds"":1}"
"{""BetItems"":[{""BetMoney"":2,""BetNo"":""1100711"",""Odds"":""1.1""},{""BetMoney"":2,""BetNo"":""1100712"",""Odds"":""1.1""},{""BetMoney"":2,""BetNo"":""1100721"",""Odds"":""1.1""},{""BetMoney"":2,""BetNo"":""1100722"",""Odds"":""1.1""}],""LotteryId"":11,""UseLastOdds"":1}"
"{""BetItems"":[{""BetMoney"":2,""BetNo"":""1100712"",""Odds"":""1.1""},{""BetMoney"":2,""BetNo"":""1100721"",""Odds"":""1.1""},{""BetMoney"":2,""BetNo"":""1100722"",""Odds"":""1.1""}],""LotteryId"":11,""UseLastOdds"":1}"
"{""BetItems"":[{""BetMoney"":2,""BetNo"":""1100721"",""Odds"":""1.1""}],""LotteryId"":11,""UseLastOdds"":1}"
"{""BetItems"":[{""BetMoney"":2,""BetNo"":""1100711"",""Odds"":""1.1""},{""BetMoney"":2,""BetNo"":""1100721"",""Odds"":""1.1""}],""LotteryId"":11,""UseLastOdds"":1}"
"{""BetItems"":[{""BetMoney"":2,""BetNo"":""1100711"",""Odds"":""1.1""},{""BetMoney"":2,""BetNo"":""1100721"",""Odds"":""1.1""}],""LotteryId"":11,""UseLastOdds"":1}"
"{""BetItems"":[{""BetMoney"":2,""BetNo"":""1100712"",""Odds"":""1.1""}],""LotteryId"":11,""UseLastOdds"":1}"
"{""BetItems"":[{""BetMoney"":2,""BetNo"":""1100712"",""Odds"":""1.1""},{""BetMoney"":2,""BetNo"":""1100721"",""Odds"":""1.1""},{""BetMoney"":2,""BetNo"":""1100722"",""Odds"":""1.1""}],""LotteryId"":11,""UseLastOdds"":1}"
"{""BetItems"":[{""BetMoney"":2,""BetNo"":""1100711"",""Odds"":""1.1""},{""BetMoney"":2,""BetNo"":""1100712"",""Odds"":""1.1""},{""BetMoney"":2,""BetNo"":""1100722"",""Odds"":""1.1""}],""LotteryId"":11,""UseLastOdds"":1}"
"{""BetItems"":[{""BetMoney"":2,""BetNo"":""1100711"",""Odds"":""1.1""},{""BetMoney"":2,""BetNo"":""1100712"",""Odds"":""1.1""},{""BetMoney"":2,""BetNo"":""1100721"",""Odds"":""1.1""},{""BetMoney"":2,""BetNo"":""1100722"",""Odds"":""1.1""}],""LotteryId"":11,""UseLastOdds"":1}"
"{""BetItems"":[{""BetMoney"":2,""BetNo"":""1100711"",""Odds"":""1.1""}],""LotteryId"":11,""UseLastOdds"":1}"
"{""BetItems"":[{""BetMoney"":2,""BetNo"":""1100711"",""Odds"":""1.1""},{""BetMoney"":2,""BetNo"":""1100721"",""Odds"":""1.1""},{""BetMoney"":2,""BetNo"":""1100722"",""Odds"":""1.1""}],""LotteryId"":11,""UseLastOdds"":1}"
"{""BetItems"":[{""BetMoney"":2,""BetNo"":""1100711"",""Odds"":""1.1""},{""BetMoney"":2,""BetNo"":""1100722"",""Odds"":""1.1""}],""LotteryId"":11,""UseLastOdds"":1}"
"{""BetItems"":[{""BetMoney"":2,""BetNo"":""1100711"",""Odds"":""1.1""},{""BetMoney"":2,""BetNo"":""1100722"",""Odds"":""1.1""}],""LotteryId"":11,""UseLastOdds"":1}"
"{""BetItems"":[{""BetMoney"":2,""BetNo"":""1100712"",""Odds"":""1.1""},{""BetMoney"":2,""BetNo"":""1100721"",""Odds"":""1.1""}],""LotteryId"":11,""UseLastOdds"":1}"
"{""BetItems"":[{""BetMoney"":2,""BetNo"":""1100712"",""Odds"":""1.1""},{""BetMoney"":2,""BetNo"":""1100722"",""Odds"":""1.1""}],""LotteryId"":11,""UseLastOdds"":1}"
"{""BetItems"":[{""BetMoney"":2,""BetNo"":""1100711"",""Odds"":""1.1""},{""BetMoney"":2,""BetNo"":""1100712"",""Odds"":""1.1""},{""BetMoney"":2,""BetNo"":""1100721"",""Odds"":""1.1""}],""LotteryId"":11,""UseLastOdds"":1}"
"{""BetItems"":[{""BetMoney"":2,""BetNo"":""1100711"",""Odds"":""1.1""}],""LotteryId"":11,""UseLastOdds"":1}"
"{""BetItems"":[{""BetMoney"":2,""BetNo"":""1100711"",""Odds"":""1.1""},{""BetMoney"":2,""BetNo"":""1100712"",""Odds"":""1.1""}],""LotteryId"":11,""UseLastOdds"":1}"
"{""BetItems"":[{""BetMoney"":2,""BetNo"":""1100712"",""Odds"":""1.1""}],""LotteryId"":11,""UseLastOdds"":1}"
"{""BetItems"":[{""BetMoney"":2,""BetNo"":""1100711"",""Odds"":""1.1""},{""BetMoney"":2,""BetNo"":""1100712"",""Odds"":""1.1""},{""BetMoney"":2,""BetNo"":""1100721"",""Odds"":""1.1""}],""LotteryId"":11,""UseLastOdds"":1}"
"{""BetItems"":[{""BetMoney"":2,""BetNo"":""1100711"",""Odds"":""1.1""},{""BetMoney"":2,""BetNo"":""1100712"",""Odds"":""1.1""},{""BetMoney"":2,""BetNo"":""1100721"",""Odds"":""1.1""}],""LotteryId"":11,""UseLastOdds"":1}"
"{""BetItems"":[{""BetMoney"":2,""BetNo"":""1100711"",""Odds"":""1.1""},{""BetMoney"":2,""BetNo"":""1100712"",""Odds"":""1.1""},{""BetMoney"":2,""BetNo"":""1100721"",""Odds"":""1.1""},{""BetMoney"":2,""BetNo"":""1100722"",""Odds"":""1.1""}],""LotteryId"":11,""UseLastOdds"":1}"
"{""BetItems"":[{""BetMoney"":2,""BetNo"":""1100712"",""Odds"":""1.1""},{""BetMoney"":2,""BetNo"":""1100721"",""Odds"":""1.1""},{""BetMoney"":2,""BetNo"":""1100722"",""Odds"":""1.1""}],""LotteryId"":11,""UseLastOdds"":1}"
"{""BetItems"":[{""BetMoney"":2,""BetNo"":""1100711"",""Odds"":""1.1""},{""BetMoney"":2,""BetNo"":""1100712"",""Odds"":""1.1""}],""LotteryId"":11,""UseLastOdds"":1}"
"{""BetItems"":[{""BetMoney"":2,""BetNo"":""1100711"",""Odds"":""1.1""},{""BetMoney"":2,""BetNo"":""1100712"",""Odds"":""1.1""}],""LotteryId"":11,""UseLastOdds"":1}"
"{""BetItems"":[{""BetMoney"":2,""BetNo"":""1100711"",""Odds"":""1.1""},{""BetMoney"":2,""BetNo"":""1100712"",""Odds"":""1.1""},{""BetMoney"":2,""BetNo"":""1100721"",""Odds"":""1.1""},{""BetMoney"":2,""BetNo"":""1100722"",""Odds"":""1.1""}],""LotteryId"":11,""UseLastOdds"":1}"
"{""BetItems"":[{""BetMoney"":2,""BetNo"":""1100712"",""Odds"":""1.1""},{""BetMoney"":2,""BetNo"":""1100721"",""Odds"":""1.1""}],""LotteryId"":11,""UseLastOdds"":1}"
"{""BetItems"":[{""BetMoney"":2,""BetNo"":""1100712"",""Odds"":""1.1""},{""BetMoney"":2,""BetNo"":""1100721"",""Odds"":""1.1""},{""BetMoney"":2,""BetNo"":""1100722"",""Odds"":""1.1""}],""LotteryId"":11,""UseLastOdds"":1}"
"{""BetItems"":[{""BetMoney"":2,""BetNo"":""1100712"",""Odds"":""1.1""},{""BetMoney"":2,""BetNo"":""1100721"",""Odds"":""1.1""}],""LotteryId"":11,""UseLastOdds"":1}"
"{""BetItems"":[{""BetMoney"":2,""BetNo"":""1100711"",""Odds"":""1.1""},{""BetMoney"":2,""BetNo"":""1100712"",""Odds"":""1.1""},{""BetMoney"":2,""BetNo"":""1100721"",""Odds"":""1.1""}],""LotteryId"":11,""UseLastOdds"":1}"
"{""BetItems"":[{""BetMoney"":2,""BetNo"":""1100711"",""Odds"":""1.1""},{""BetMoney"":2,""BetNo"":""1100712"",""Odds"":""1.1""},{""BetMoney"":2,""BetNo"":""1100721"",""Odds"":""1.1""},{""BetMoney"":2,""BetNo"":""1100722"",""Odds"":""1.1""}],""LotteryId"":11,""UseLastOdds"":1}"
"{""BetItems"":[{""BetMoney"":2,""BetNo"":""1100711"",""Odds"":""1.1""},{""BetMoney"":2,""BetNo"":""1100712"",""Odds"":""1.1""},{""BetMoney"":2,""BetNo"":""1100721"",""Odds"":""1.1""},{""BetMoney"":2,""BetNo"":""1100722"",""Odds"":""1.1""}],""LotteryId"":11,""UseLastOdds"":1}"
"{""BetItems"":[{""BetMoney"":2,""BetNo"":""1100711"",""Odds"":""1.1""},{""BetMoney"":2,""BetNo"":""1100712"",""Odds"":""1.1""},{""BetMoney"":2,""BetNo"":""1100721"",""Odds"":""1.1""},{""BetMoney"":2,""BetNo"":""1100722"",""Odds"":""1.1""}],""LotteryId"":11,""UseLastOdds"":1}"
"{""BetItems"":[{""BetMoney"":2,""BetNo"":""1100721"",""Odds"":""1.1""}],""LotteryId"":11,""UseLastOdds"":1}"
"{""BetItems"":[{""BetMoney"":2,""BetNo"":""1100721"",""Odds"":""1.1""},{""BetMoney"":2,""BetNo"":""1100722"",""Odds"":""1.1""}],""LotteryId"":11,""UseLastOdds"":1}"
"{""BetItems"":[{""BetMoney"":2,""BetNo"":""1100711"",""Odds"":""1.1""}],""LotteryId"":11,""UseLastOdds"":1}"
"{""BetItems"":[{""BetMoney"":2,""BetNo"":""1100711"",""Odds"":""1.1""},{""BetMoney"":2,""BetNo"":""1100722"",""Odds"":""1.1""}],""LotteryId"":11,""UseLastOdds"":1}"
"{""BetItems"":[{""BetMoney"":2,""BetNo"":""1100712"",""Odds"":""1.1""}],""LotteryId"":11,""UseLastOdds"":1}"
"{""BetItems"":[{""BetMoney"":2,""BetNo"":""1100711"",""Odds"":""1.1""},{""BetMoney"":2,""BetNo"":""1100712"",""Odds"":""1.1""},{""BetMoney"":2,""BetNo"":""1100721"",""Odds"":""1.1""}],""LotteryId"":11,""UseLastOdds"":1}"
"{""BetItems"":[{""BetMoney"":2,""BetNo"":""1100711"",""Odds"":""1.1""},{""BetMoney"":2,""BetNo"":""1100712"",""Odds"":""1.1""},{""BetMoney"":2,""BetNo"":""1100722"",""Odds"":""1.1""}],""LotteryId"":11,""UseLastOdds"":1}"
"{""BetItems"":[{""BetMoney"":2,""BetNo"":""1100711"",""Odds"":""1.1""},{""BetMoney"":2,""BetNo"":""1100712"",""Odds"":""1.1""},{""BetMoney"":2,""BetNo"":""1100721"",""Odds"":""1.1""},{""BetMoney"":2,""BetNo"":""1100722"",""Odds"":""1.1""}],""LotteryId"":11,""UseLastOdds"":1}"
"{""BetItems"":[{""BetMoney"":2,""BetNo"":""1100712"",""Odds"":""1.1""},{""BetMoney"":2,""BetNo"":""1100721"",""Odds"":""1.1""},{""BetMoney"":2,""BetNo"":""1100722"",""Odds"":""1.1""}],""LotteryId"":11,""UseLastOdds"":1}"
"{""BetItems"":[{""BetMoney"":2,""BetNo"":""1100721"",""Odds"":""1.1""},{""BetMoney"":2,""BetNo"":""1100722"",""Odds"":""1.1""}],""LotteryId"":11,""UseLastOdds"":1}"
"{""BetItems"":[{""BetMoney"":2,""BetNo"":""1100711"",""Odds"":""1.1""},{""BetMoney"":2,""BetNo"":""1100712"",""Odds"":""1.1""},{""BetMoney"":2,""BetNo"":""1100721"",""Odds"":""1.1""},{""BetMoney"":2,""BetNo"":""1100722"",""Odds"":""1.1""}],""LotteryId"":11,""UseLastOdds"":1}"
"{""BetItems"":[{""BetMoney"":2,""BetNo"":""1100711"",""Odds"":""1.1""},{""BetMoney"":2,""BetNo"":""1100721"",""Odds"":""1.1""}],""LotteryId"":11,""UseLastOdds"":1}"
"{""BetItems"":[{""BetMoney"":2,""BetNo"":""1100712"",""Odds"":""1.1""},{""BetMoney"":2,""BetNo"":""1100722"",""Odds"":""1.1""}],""LotteryId"":11,""UseLastOdds"":1}"
"{""BetItems"":[{""BetMoney"":2,""BetNo"":""1100711"",""Odds"":""1.1""},{""BetMoney"":2,""BetNo"":""1100712"",""Odds"":""1.1""}],""LotteryId"":11,""UseLastOdds"":1}"
"{""BetItems"":[{""BetMoney"":2,""BetNo"":""1100712"",""Odds"":""1.1""},{""BetMoney"":2,""BetNo"":""1100722"",""Odds"":""1.1""}],""LotteryId"":11,""UseLastOdds"":1}"
"{""BetItems"":[{""BetMoney"":2,""BetNo"":""1100711"",""Odds"":""1.1""},{""BetMoney"":2,""BetNo"":""1100722"",""Odds"":""1.1""}],""LotteryId"":11,""UseLastOdds"":1}"
"{""BetItems"":[{""BetMoney"":2,""BetNo"":""1100721"",""Odds"":""1.1""},{""BetMoney"":2,""BetNo"":""1100722"",""Odds"":""1.1""}],""LotteryId"":11,""UseLastOdds"":1}"
"{""BetItems"":[{""BetMoney"":2,""BetNo"":""1100712"",""Odds"":""1.1""},{""BetMoney"":2,""BetNo"":""1100722"",""Odds"":""1.1""}],""LotteryId"":11,""UseLastOdds"":1}"
"{""BetItems"":[{""BetMoney"":2,""BetNo"":""1100712"",""Odds"":""1.1""},{""BetMoney"":2,""BetNo"":""1100721"",""Odds"":""1.1""},{""BetMoney"":2,""BetNo"":""1100722"",""Odds"":""1.1""}],""LotteryId"":11,""UseLastOdds"":1}"
"{""BetItems"":[{""BetMoney"":2,""BetNo"":""1100711"",""Odds"":""1.1""}],""LotteryId"":11,""UseLastOdds"":1}"
"{""BetItems"":[{""BetMoney"":2,""BetNo"":""1100722"",""Odds"":""1.1""}],""LotteryId"":11,""UseLastOdds"":1}"
"{""BetItems"":[{""BetMoney"":2,""BetNo"":""1100711"",""Odds"":""1.1""},{""BetMoney"":2,""BetNo"":""1100712"",""Odds"":""1.1""},{""BetMoney"":2,""BetNo"":""1100721"",""Odds"":""1.1""},{""BetMoney"":2,""BetNo"":""1100722"",""Odds"":""1.1""}],""LotteryId"":11,""UseLastOdds"":1}"
"{""BetItems"":[{""BetMoney"":2,""BetNo"":""1100711"",""Odds"":""1.1""},{""BetMoney"":2,""BetNo"":""1100712"",""Odds"":""1.1""},{""BetMoney"":2,""BetNo"":""1100721"",""Odds"":""1.1""},{""BetMoney"":2,""BetNo"":""1100722"",""Odds"":""1.1""}],""LotteryId"":11,""UseLastOdds"":1}"
"{""BetItems"":[{""BetMoney"":2,""BetNo"":""1100711"",""Odds"":""1.1""},{""BetMoney"":2,""BetNo"":""1100712"",""Odds"":""1.1""}],""LotteryId"":11,""UseLastOdds"":1}"
"{""BetItems"":[{""BetMoney"":2,""BetNo"":""1100711"",""Odds"":""1.1""},{""BetMoney"":2,""BetNo"":""1100721"",""Odds"":""1.1""},{""BetMoney"":2,""BetNo"":""1100722"",""Odds"":""1.1""}],""LotteryId"":11,""UseLastOdds"":1}"
"{""BetItems"":[{""BetMoney"":2,""BetNo"":""1100712"",""Odds"":""1.1""},{""BetMoney"":2,""BetNo"":""1100721"",""Odds"":""1.1""},{""BetMoney"":2,""BetNo"":""1100722"",""Odds"":""1.1""}],""LotteryId"":11,""UseLastOdds"":1}"
"{""BetItems"":[{""BetMoney"":2,""BetNo"":""1100721"",""Odds"":""1.1""},{""BetMoney"":2,""BetNo"":""1100722"",""Odds"":""1.1""}],""LotteryId"":11,""UseLastOdds"":1}"
"{""BetItems"":[{""BetMoney"":2,""BetNo"":""1100711"",""Odds"":""1.1""},{""BetMoney"":2,""BetNo"":""1100721"",""Odds"":""1.1""}],""LotteryId"":11,""UseLastOdds"":1}"
"{""BetItems"":[{""BetMoney"":2,""BetNo"":""1100711"",""Odds"":""1.1""},{""BetMoney"":2,""BetNo"":""1100721"",""Odds"":""1.1""},{""BetMoney"":2,""BetNo"":""1100722"",""Odds"":""1.1""}],""LotteryId"":11,""UseLastOdds"":1}"
"{""BetItems"":[{""BetMoney"":2,""BetNo"":""1100711"",""Odds"":""1.1""},{""BetMoney"":2,""BetNo"":""1100712"",""Odds"":""1.1""},{""BetMoney"":2,""BetNo"":""1100721"",""Odds"":""1.1""}],""LotteryId"":11,""UseLastOdds"":1}"
"{""BetItems"":[{""BetMoney"":2,""BetNo"":""1100712"",""Odds"":""1.1""},{""BetMoney"":2,""BetNo"":""1100721"",""Odds"":""1.1""},{""BetMoney"":2,""BetNo"":""1100722"",""Odds"":""1.1""}],""LotteryId"":11,""UseLastOdds"":1}"
"{""BetItems"":[{""BetMoney"":2,""BetNo"":""1100711"",""Odds"":""1.1""},{""BetMoney"":2,""BetNo"":""1100712"",""Odds"":""1.1""}],""LotteryId"":11,""UseLastOdds"":1}"
"{""BetItems"":[{""BetMoney"":2,""BetNo"":""1100712"",""Odds"":""1.1""}],""LotteryId"":11,""UseLastOdds"":1}"
"{""BetItems"":[{""BetMoney"":2,""BetNo"":""1100722"",""Odds"":""1.1""}],""LotteryId"":11,""UseLastOdds"":1}"
"{""BetItems"":[{""BetMoney"":2,""BetNo"":""1100711"",""Odds"":""1.1""},{""BetMoney"":2,""BetNo"":""1100712"",""Odds"":""1.1""},{""BetMoney"":2,""BetNo"":""1100721"",""Odds"":""1.1""},{""BetMoney"":2,""BetNo"":""1100722"",""Odds"":""1.1""}],""LotteryId"":11,""UseLastOdds"":1}"
"{""BetItems"":[{""BetMoney"":2,""BetNo"":""1100711"",""Odds"":""1.1""},{""BetMoney"":2,""BetNo"":""1100712"",""Odds"":""1.1""},{""BetMoney"":2,""BetNo"":""1100721"",""Odds"":""1.1""}],""LotteryId"":11,""UseLastOdds"":1}"
"{""BetItems"":[{""BetMoney"":2,""BetNo"":""1100711"",""Odds"":""1.1""},{""BetMoney"":2,""BetNo"":""1100712"",""Odds"":""1.1""},{""BetMoney"":2,""BetNo"":""1100722"",""Odds"":""1.1""}],""LotteryId"":11,""UseLastOdds"":1}"
"{""BetItems"":[{""BetMoney"":2,""BetNo"":""1100711"",""Odds"":""1.1""},{""BetMoney"":2,""BetNo"":""1100721"",""Odds"":""1.1""},{""BetMoney"":2,""BetNo"":""1100722"",""Odds"":""1.1""}],""LotteryId"":11,""UseLastOdds"":1}"
"{""BetItems"":[{""BetMoney"":2,""BetNo"":""1100711"",""Odds"":""1.1""},{""BetMoney"":2,""BetNo"":""1100712"",""Odds"":""1.1""},{""BetMoney"":2,""BetNo"":""1100722"",""Odds"":""1.1""}],""LotteryId"":11,""UseLastOdds"":1}"
"{""BetItems"":[{""BetMoney"":2,""BetNo"":""1100712"",""Odds"":""1.1""}],""LotteryId"":11,""UseLastOdds"":1}"
"{""BetItems"":[{""BetMoney"":2,""BetNo"":""1100712"",""Odds"":""1.1""},{""BetMoney"":2,""BetNo"":""1100722"",""Odds"":""1.1""}],""LotteryId"":11,""UseLastOdds"":1}"
"{""BetItems"":[{""BetMoney"":2,""BetNo"":""1100711"",""Odds"":""1.1""},{""BetMoney"":2,""BetNo"":""1100712"",""Odds"":""1.1""},{""BetMoney"":2,""BetNo"":""1100721"",""Odds"":""1.1""},{""BetMoney"":2,""BetNo"":""1100722"",""Odds"":""1.1""}],""LotteryId"":11,""UseLastOdds"":1}"
"{""BetItems"":[{""BetMoney"":2,""BetNo"":""1100711"",""Odds"":""1.1""}],""LotteryId"":11,""UseLastOdds"":1}"
"{""BetItems"":[{""BetMoney"":2,""BetNo"":""1100711"",""Odds"":""1.1""},{""BetMoney"":2,""BetNo"":""1100721"",""Odds"":""1.1""}],""LotteryId"":11,""UseLastOdds"":1}"
"{""BetItems"":[{""BetMoney"":2,""BetNo"":""1100711"",""Odds"":""1.1""},{""BetMoney"":2,""BetNo"":""1100712"",""Odds"":""1.1""},{""BetMoney"":2,""BetNo"":""1100721"",""Odds"":""1.1""},{""BetMoney"":2,""BetNo"":""1100722"",""Odds"":""1.1""}],""LotteryId"":11,""UseLastOdds"":1}"
"{""BetItems"":[{""BetMoney"":2,""BetNo"":""1100721"",""Odds"":""1.1""}],""LotteryId"":11,""UseLastOdds"":1}"
"{""BetItems"":[{""BetMoney"":2,""BetNo"":""1100711"",""Odds"":""1.1""},{""BetMoney"":2,""BetNo"":""1100721"",""Odds"":""1.1""},{""BetMoney"":2,""BetNo"":""1100722"",""Odds"":""1.1""}],""LotteryId"":11,""UseLastOdds"":1}"
"{""BetItems"":[{""BetMoney"":2,""BetNo"":""1100712"",""Odds"":""1.1""},{""BetMoney"":2,""BetNo"":""1100721"",""Odds"":""1.1""},{""BetMoney"":2,""BetNo"":""1100722"",""Odds"":""1.1""}],""LotteryId"":11,""UseLastOdds"":1}"
"{""BetItems"":[{""BetMoney"":2,""BetNo"":""1100711"",""Odds"":""1.1""},{""BetMoney"":2,""BetNo"":""1100721"",""Odds"":""1.1""}],""LotteryId"":11,""UseLastOdds"":1}"
"{""BetItems"":[{""BetMoney"":2,""BetNo"":""1100721"",""Odds"":""1.1""},{""BetMoney"":2,""BetNo"":""1100722"",""Odds"":""1.1""}],""LotteryId"":11,""UseLastOdds"":1}"
"{""BetItems"":[{""BetMoney"":2,""BetNo"":""1100711"",""Odds"":""1.1""},{""BetMoney"":2,""BetNo"":""1100712"",""Odds"":""1.1""},{""BetMoney"":2,""BetNo"":""1100721"",""Odds"":""1.1""},{""BetMoney"":2,""BetNo"":""1100722"",""Odds"":""1.1""}],""LotteryId"":11,""UseLastOdds"":1}"
"{""BetItems"":[{""BetMoney"":2,""BetNo"":""1100712"",""Odds"":""1.1""},{""BetMoney"":2,""BetNo"":""1100722"",""Odds"":""1.1""}],""LotteryId"":11,""UseLastOdds"":1}"
"{""BetItems"":[{""BetMoney"":2,""BetNo"":""1100722"",""Odds"":""1.1""}],""LotteryId"":11,""UseLastOdds"":1}"
"{""BetItems"":[{""BetMoney"":2,""BetNo"":""1100721"",""Odds"":""1.1""}],""LotteryId"":11,""UseLastOdds"":1}"
"{""BetItems"":[{""BetMoney"":2,""BetNo"":""1100711"",""Odds"":""1.1""},{""BetMoney"":2,""BetNo"":""1100712"",""Odds"":""1.1""},{""BetMoney"":2,""BetNo"":""1100722"",""Odds"":""1.1""}],""LotteryId"":11,""UseLastOdds"":1}"
"{""BetItems"":[{""BetMoney"":2,""BetNo"":""1100722"",""Odds"":""1.1""}],""LotteryId"":11,""UseLastOdds"":1}"
"{""BetItems"":[{""BetMoney"":2,""BetNo"":""1100711"",""Odds"":""1.1""},{""BetMoney"":2,""BetNo"":""1100712"",""Odds"":""1.1""},{""BetMoney"":2,""BetNo"":""1100722"",""Odds"":""1.1""}],""LotteryId"":11,""UseLastOdds"":1}"
"{""BetItems"":[{""BetMoney"":2,""BetNo"":""1100711"",""Odds"":""1.1""},{""BetMoney"":2,""BetNo"":""1100712"",""Odds"":""1.1""},{""BetMoney"":2,""BetNo"":""1100721"",""Odds"":""1.1""},{""BetMoney"":2,""BetNo"":""1100722"",""Odds"":""1.1""}],""LotteryId"":11,""UseLastOdds"":1}"
