"{""BetItems"":[{""BetMoney"":2,""BetNo"":""1100302"",""Odds"":""1.1""}],""LotteryId"":11,""UseLastOdds"":1}"
"{""BetItems"":[{""BetMoney"":2,""BetNo"":""1100301"",""Odds"":""1.1""},{""BetMoney"":2,""BetNo"":""1100302"",""Odds"":""1.1""}],""LotteryId"":11,""UseLastOdds"":1}"
"{""BetItems"":[{""BetMoney"":2,""BetNo"":""1100302"",""Odds"":""1.1""}],""LotteryId"":11,""UseLastOdds"":1}"
"{""BetItems"":[{""BetMoney"":2,""BetNo"":""1100301"",""Odds"":""1.1""},{""BetMoney"":2,""BetNo"":""1100302"",""Odds"":""1.1""}],""LotteryId"":11,""UseLastOdds"":1}"
"{""BetItems"":[{""BetMoney"":2,""BetNo"":""1100301"",""Odds"":""1.1""},{""BetMoney"":2,""BetNo"":""1100302"",""Odds"":""1.1""}],""LotteryId"":11,""UseLastOdds"":1}"
"{""BetItems"":[{""BetMoney"":2,""BetNo"":""1100301"",""Odds"":""1.1""}],""LotteryId"":11,""UseLastOdds"":1}"
"{""BetItems"":[{""BetMoney"":2,""BetNo"":""1100302"",""Odds"":""1.1""}],""LotteryId"":11,""UseLastOdds"":1}"
"{""BetItems"":[{""BetMoney"":2,""BetNo"":""1100301"",""Odds"":""1.1""}],""LotteryId"":11,""UseLastOdds"":1}"
"{""BetItems"":[{""BetMoney"":2,""BetNo"":""1100301"",""Odds"":""1.1""}],""LotteryId"":11,""UseLastOdds"":1}"
"{""BetItems"":[{""BetMoney"":2,""BetNo"":""1100301"",""Odds"":""1.1""},{""BetMoney"":2,""BetNo"":""1100302"",""Odds"":""1.1""}],""LotteryId"":11,""UseLastOdds"":1}"
"{""BetItems"":[{""BetMoney"":2,""BetNo"":""1100301"",""Odds"":""1.1""}],""LotteryId"":11,""UseLastOdds"":1}"
"{""BetItems"":[{""BetMoney"":2,""BetNo"":""1100301"",""Odds"":""1.1""}],""LotteryId"":11,""UseLastOdds"":1}"
"{""BetItems"":[{""BetMoney"":2,""BetNo"":""1100302"",""Odds"":""1.1""}],""LotteryId"":11,""UseLastOdds"":1}"
"{""BetItems"":[{""BetMoney"":2,""BetNo"":""1100301"",""Odds"":""1.1""}],""LotteryId"":11,""UseLastOdds"":1}"
"{""BetItems"":[{""BetMoney"":2,""BetNo"":""1100302"",""Odds"":""1.1""}],""LotteryId"":11,""UseLastOdds"":1}"
"{""BetItems"":[{""BetMoney"":2,""BetNo"":""1100301"",""Odds"":""1.1""},{""BetMoney"":2,""BetNo"":""1100302"",""Odds"":""1.1""}],""LotteryId"":11,""UseLastOdds"":1}"
"{""BetItems"":[{""BetMoney"":2,""BetNo"":""1100302"",""Odds"":""1.1""}],""LotteryId"":11,""UseLastOdds"":1}"
"{""BetItems"":[{""BetMoney"":2,""BetNo"":""1100301"",""Odds"":""1.1""},{""BetMoney"":2,""BetNo"":""1100302"",""Odds"":""1.1""}],""LotteryId"":11,""UseLastOdds"":1}"
"{""BetItems"":[{""BetMoney"":2,""BetNo"":""1100301"",""Odds"":""1.1""},{""BetMoney"":2,""BetNo"":""1100302"",""Odds"":""1.1""}],""LotteryId"":11,""UseLastOdds"":1}"
"{""BetItems"":[{""BetMoney"":2,""BetNo"":""1100301"",""Odds"":""1.1""}],""LotteryId"":11,""UseLastOdds"":1}"
"{""BetItems"":[{""BetMoney"":2,""BetNo"":""1100301"",""Odds"":""1.1""},{""BetMoney"":2,""BetNo"":""1100302"",""Odds"":""1.1""}],""LotteryId"":11,""UseLastOdds"":1}"
"{""BetItems"":[{""BetMoney"":2,""BetNo"":""1100301"",""Odds"":""1.1""},{""BetMoney"":2,""BetNo"":""1100302"",""Odds"":""1.1""}],""LotteryId"":11,""UseLastOdds"":1}"
"{""BetItems"":[{""BetMoney"":2,""BetNo"":""1100301"",""Odds"":""1.1""},{""BetMoney"":2,""BetNo"":""1100302"",""Odds"":""1.1""}],""LotteryId"":11,""UseLastOdds"":1}"
"{""BetItems"":[{""BetMoney"":2,""BetNo"":""1100301"",""Odds"":""1.1""},{""BetMoney"":2,""BetNo"":""1100302"",""Odds"":""1.1""}],""LotteryId"":11,""UseLastOdds"":1}"
"{""BetItems"":[{""BetMoney"":2,""BetNo"":""1100301"",""Odds"":""1.1""},{""BetMoney"":2,""BetNo"":""1100302"",""Odds"":""1.1""}],""LotteryId"":11,""UseLastOdds"":1}"
"{""BetItems"":[{""BetMoney"":2,""BetNo"":""1100301"",""Odds"":""1.1""},{""BetMoney"":2,""BetNo"":""1100302"",""Odds"":""1.1""}],""LotteryId"":11,""UseLastOdds"":1}"
"{""BetItems"":[{""BetMoney"":2,""BetNo"":""1100301"",""Odds"":""1.1""},{""BetMoney"":2,""BetNo"":""1100302"",""Odds"":""1.1""}],""LotteryId"":11,""UseLastOdds"":1}"
"{""BetItems"":[{""BetMoney"":2,""BetNo"":""1100302"",""Odds"":""1.1""}],""LotteryId"":11,""UseLastOdds"":1}"
"{""BetItems"":[{""BetMoney"":2,""BetNo"":""1100302"",""Odds"":""1.1""}],""LotteryId"":11,""UseLastOdds"":1}"
"{""BetItems"":[{""BetMoney"":2,""BetNo"":""1100301"",""Odds"":""1.1""},{""BetMoney"":2,""BetNo"":""1100302"",""Odds"":""1.1""}],""LotteryId"":11,""UseLastOdds"":1}"
"{""BetItems"":[{""BetMoney"":2,""BetNo"":""1100301"",""Odds"":""1.1""}],""LotteryId"":11,""UseLastOdds"":1}"
"{""BetItems"":[{""BetMoney"":2,""BetNo"":""1100302"",""Odds"":""1.1""}],""LotteryId"":11,""UseLastOdds"":1}"
"{""BetItems"":[{""BetMoney"":2,""BetNo"":""1100301"",""Odds"":""1.1""},{""BetMoney"":2,""BetNo"":""1100302"",""Odds"":""1.1""}],""LotteryId"":11,""UseLastOdds"":1}"
"{""BetItems"":[{""BetMoney"":2,""BetNo"":""1100302"",""Odds"":""1.1""}],""LotteryId"":11,""UseLastOdds"":1}"
"{""BetItems"":[{""BetMoney"":2,""BetNo"":""1100301"",""Odds"":""1.1""},{""BetMoney"":2,""BetNo"":""1100302"",""Odds"":""1.1""}],""LotteryId"":11,""UseLastOdds"":1}"
"{""BetItems"":[{""BetMoney"":2,""BetNo"":""1100301"",""Odds"":""1.1""}],""LotteryId"":11,""UseLastOdds"":1}"
"{""BetItems"":[{""BetMoney"":2,""BetNo"":""1100302"",""Odds"":""1.1""}],""LotteryId"":11,""UseLastOdds"":1}"
"{""BetItems"":[{""BetMoney"":2,""BetNo"":""1100301"",""Odds"":""1.1""},{""BetMoney"":2,""BetNo"":""1100302"",""Odds"":""1.1""}],""LotteryId"":11,""UseLastOdds"":1}"
"{""BetItems"":[{""BetMoney"":2,""BetNo"":""1100301"",""Odds"":""1.1""},{""BetMoney"":2,""BetNo"":""1100302"",""Odds"":""1.1""}],""LotteryId"":11,""UseLastOdds"":1}"
"{""BetItems"":[{""BetMoney"":2,""BetNo"":""1100302"",""Odds"":""1.1""}],""LotteryId"":11,""UseLastOdds"":1}"
"{""BetItems"":[{""BetMoney"":2,""BetNo"":""1100301"",""Odds"":""1.1""},{""BetMoney"":2,""BetNo"":""1100302"",""Odds"":""1.1""}],""LotteryId"":11,""UseLastOdds"":1}"
"{""BetItems"":[{""BetMoney"":2,""BetNo"":""1100301"",""Odds"":""1.1""},{""BetMoney"":2,""BetNo"":""1100302"",""Odds"":""1.1""}],""LotteryId"":11,""UseLastOdds"":1}"
"{""BetItems"":[{""BetMoney"":2,""BetNo"":""1100302"",""Odds"":""1.1""}],""LotteryId"":11,""UseLastOdds"":1}"
"{""BetItems"":[{""BetMoney"":2,""BetNo"":""1100301"",""Odds"":""1.1""},{""BetMoney"":2,""BetNo"":""1100302"",""Odds"":""1.1""}],""LotteryId"":11,""UseLastOdds"":1}"
"{""BetItems"":[{""BetMoney"":2,""BetNo"":""1100301"",""Odds"":""1.1""},{""BetMoney"":2,""BetNo"":""1100302"",""Odds"":""1.1""}],""LotteryId"":11,""UseLastOdds"":1}"
"{""BetItems"":[{""BetMoney"":2,""BetNo"":""1100301"",""Odds"":""1.1""},{""BetMoney"":2,""BetNo"":""1100302"",""Odds"":""1.1""}],""LotteryId"":11,""UseLastOdds"":1}"
"{""BetItems"":[{""BetMoney"":2,""BetNo"":""1100301"",""Odds"":""1.1""},{""BetMoney"":2,""BetNo"":""1100302"",""Odds"":""1.1""}],""LotteryId"":11,""UseLastOdds"":1}"
"{""BetItems"":[{""BetMoney"":2,""BetNo"":""1100302"",""Odds"":""1.1""}],""LotteryId"":11,""UseLastOdds"":1}"
"{""BetItems"":[{""BetMoney"":2,""BetNo"":""1100301"",""Odds"":""1.1""},{""BetMoney"":2,""BetNo"":""1100302"",""Odds"":""1.1""}],""LotteryId"":11,""UseLastOdds"":1}"
"{""BetItems"":[{""BetMoney"":2,""BetNo"":""1100301"",""Odds"":""1.1""}],""LotteryId"":11,""UseLastOdds"":1}"
"{""BetItems"":[{""BetMoney"":2,""BetNo"":""1100302"",""Odds"":""1.1""}],""LotteryId"":11,""UseLastOdds"":1}"
"{""BetItems"":[{""BetMoney"":2,""BetNo"":""1100301"",""Odds"":""1.1""},{""BetMoney"":2,""BetNo"":""1100302"",""Odds"":""1.1""}],""LotteryId"":11,""UseLastOdds"":1}"
"{""BetItems"":[{""BetMoney"":2,""BetNo"":""1100302"",""Odds"":""1.1""}],""LotteryId"":11,""UseLastOdds"":1}"
"{""BetItems"":[{""BetMoney"":2,""BetNo"":""1100301"",""Odds"":""1.1""},{""BetMoney"":2,""BetNo"":""1100302"",""Odds"":""1.1""}],""LotteryId"":11,""UseLastOdds"":1}"
"{""BetItems"":[{""BetMoney"":2,""BetNo"":""1100301"",""Odds"":""1.1""},{""BetMoney"":2,""BetNo"":""1100302"",""Odds"":""1.1""}],""LotteryId"":11,""UseLastOdds"":1}"
"{""BetItems"":[{""BetMoney"":2,""BetNo"":""1100301"",""Odds"":""1.1""}],""LotteryId"":11,""UseLastOdds"":1}"
"{""BetItems"":[{""BetMoney"":2,""BetNo"":""1100301"",""Odds"":""1.1""},{""BetMoney"":2,""BetNo"":""1100302"",""Odds"":""1.1""}],""LotteryId"":11,""UseLastOdds"":1}"
"{""BetItems"":[{""BetMoney"":2,""BetNo"":""1100302"",""Odds"":""1.1""}],""LotteryId"":11,""UseLastOdds"":1}"
"{""BetItems"":[{""BetMoney"":2,""BetNo"":""1100301"",""Odds"":""1.1""},{""BetMoney"":2,""BetNo"":""1100302"",""Odds"":""1.1""}],""LotteryId"":11,""UseLastOdds"":1}"
"{""BetItems"":[{""BetMoney"":2,""BetNo"":""1100302"",""Odds"":""1.1""}],""LotteryId"":11,""UseLastOdds"":1}"
"{""BetItems"":[{""BetMoney"":2,""BetNo"":""1100301"",""Odds"":""1.1""}],""LotteryId"":11,""UseLastOdds"":1}"
"{""BetItems"":[{""BetMoney"":2,""BetNo"":""1100301"",""Odds"":""1.1""}],""LotteryId"":11,""UseLastOdds"":1}"
"{""BetItems"":[{""BetMoney"":2,""BetNo"":""1100301"",""Odds"":""1.1""},{""BetMoney"":2,""BetNo"":""1100302"",""Odds"":""1.1""}],""LotteryId"":11,""UseLastOdds"":1}"
"{""BetItems"":[{""BetMoney"":2,""BetNo"":""1100301"",""Odds"":""1.1""},{""BetMoney"":2,""BetNo"":""1100302"",""Odds"":""1.1""}],""LotteryId"":11,""UseLastOdds"":1}"
"{""BetItems"":[{""BetMoney"":2,""BetNo"":""1100301"",""Odds"":""1.1""}],""LotteryId"":11,""UseLastOdds"":1}"
"{""BetItems"":[{""BetMoney"":2,""BetNo"":""1100301"",""Odds"":""1.1""}],""LotteryId"":11,""UseLastOdds"":1}"
"{""BetItems"":[{""BetMoney"":2,""BetNo"":""1100302"",""Odds"":""1.1""}],""LotteryId"":11,""UseLastOdds"":1}"
"{""BetItems"":[{""BetMoney"":2,""BetNo"":""1100302"",""Odds"":""1.1""}],""LotteryId"":11,""UseLastOdds"":1}"
"{""BetItems"":[{""BetMoney"":2,""BetNo"":""1100302"",""Odds"":""1.1""}],""LotteryId"":11,""UseLastOdds"":1}"
"{""BetItems"":[{""BetMoney"":2,""BetNo"":""1100301"",""Odds"":""1.1""},{""BetMoney"":2,""BetNo"":""1100302"",""Odds"":""1.1""}],""LotteryId"":11,""UseLastOdds"":1}"
"{""BetItems"":[{""BetMoney"":2,""BetNo"":""1100301"",""Odds"":""1.1""}],""LotteryId"":11,""UseLastOdds"":1}"
"{""BetItems"":[{""BetMoney"":2,""BetNo"":""1100301"",""Odds"":""1.1""},{""BetMoney"":2,""BetNo"":""1100302"",""Odds"":""1.1""}],""LotteryId"":11,""UseLastOdds"":1}"
"{""BetItems"":[{""BetMoney"":2,""BetNo"":""1100301"",""Odds"":""1.1""}],""LotteryId"":11,""UseLastOdds"":1}"
"{""BetItems"":[{""BetMoney"":2,""BetNo"":""1100301"",""Odds"":""1.1""},{""BetMoney"":2,""BetNo"":""1100302"",""Odds"":""1.1""}],""LotteryId"":11,""UseLastOdds"":1}"
"{""BetItems"":[{""BetMoney"":2,""BetNo"":""1100301"",""Odds"":""1.1""},{""BetMoney"":2,""BetNo"":""1100302"",""Odds"":""1.1""}],""LotteryId"":11,""UseLastOdds"":1}"
"{""BetItems"":[{""BetMoney"":2,""BetNo"":""1100301"",""Odds"":""1.1""},{""BetMoney"":2,""BetNo"":""1100302"",""Odds"":""1.1""}],""LotteryId"":11,""UseLastOdds"":1}"
"{""BetItems"":[{""BetMoney"":2,""BetNo"":""1100301"",""Odds"":""1.1""}],""LotteryId"":11,""UseLastOdds"":1}"
"{""BetItems"":[{""BetMoney"":2,""BetNo"":""1100302"",""Odds"":""1.1""}],""LotteryId"":11,""UseLastOdds"":1}"
"{""BetItems"":[{""BetMoney"":2,""BetNo"":""1100301"",""Odds"":""1.1""},{""BetMoney"":2,""BetNo"":""1100302"",""Odds"":""1.1""}],""LotteryId"":11,""UseLastOdds"":1}"
"{""BetItems"":[{""BetMoney"":2,""BetNo"":""1100301"",""Odds"":""1.1""}],""LotteryId"":11,""UseLastOdds"":1}"
"{""BetItems"":[{""BetMoney"":2,""BetNo"":""1100301"",""Odds"":""1.1""}],""LotteryId"":11,""UseLastOdds"":1}"
"{""BetItems"":[{""BetMoney"":2,""BetNo"":""1100301"",""Odds"":""1.1""}],""LotteryId"":11,""UseLastOdds"":1}"
"{""BetItems"":[{""BetMoney"":2,""BetNo"":""1100301"",""Odds"":""1.1""},{""BetMoney"":2,""BetNo"":""1100302"",""Odds"":""1.1""}],""LotteryId"":11,""UseLastOdds"":1}"
"{""BetItems"":[{""BetMoney"":2,""BetNo"":""1100301"",""Odds"":""1.1""},{""BetMoney"":2,""BetNo"":""1100302"",""Odds"":""1.1""}],""LotteryId"":11,""UseLastOdds"":1}"
"{""BetItems"":[{""BetMoney"":2,""BetNo"":""1100301"",""Odds"":""1.1""},{""BetMoney"":2,""BetNo"":""1100302"",""Odds"":""1.1""}],""LotteryId"":11,""UseLastOdds"":1}"
"{""BetItems"":[{""BetMoney"":2,""BetNo"":""1100301"",""Odds"":""1.1""}],""LotteryId"":11,""UseLastOdds"":1}"
"{""BetItems"":[{""BetMoney"":2,""BetNo"":""1100301"",""Odds"":""1.1""}],""LotteryId"":11,""UseLastOdds"":1}"
"{""BetItems"":[{""BetMoney"":2,""BetNo"":""1100301"",""Odds"":""1.1""}],""LotteryId"":11,""UseLastOdds"":1}"
"{""BetItems"":[{""BetMoney"":2,""BetNo"":""1100302"",""Odds"":""1.1""}],""LotteryId"":11,""UseLastOdds"":1}"
"{""BetItems"":[{""BetMoney"":2,""BetNo"":""1100301"",""Odds"":""1.1""}],""LotteryId"":11,""UseLastOdds"":1}"
"{""BetItems"":[{""BetMoney"":2,""BetNo"":""1100301"",""Odds"":""1.1""},{""BetMoney"":2,""BetNo"":""1100302"",""Odds"":""1.1""}],""LotteryId"":11,""UseLastOdds"":1}"
"{""BetItems"":[{""BetMoney"":2,""BetNo"":""1100301"",""Odds"":""1.1""},{""BetMoney"":2,""BetNo"":""1100302"",""Odds"":""1.1""}],""LotteryId"":11,""UseLastOdds"":1}"
"{""BetItems"":[{""BetMoney"":2,""BetNo"":""1100301"",""Odds"":""1.1""}],""LotteryId"":11,""UseLastOdds"":1}"
"{""BetItems"":[{""BetMoney"":2,""BetNo"":""1100302"",""Odds"":""1.1""}],""LotteryId"":11,""UseLastOdds"":1}"
"{""BetItems"":[{""BetMoney"":2,""BetNo"":""1100301"",""Odds"":""1.1""}],""LotteryId"":11,""UseLastOdds"":1}"
"{""BetItems"":[{""BetMoney"":2,""BetNo"":""1100302"",""Odds"":""1.1""}],""LotteryId"":11,""UseLastOdds"":1}"
"{""BetItems"":[{""BetMoney"":2,""BetNo"":""1100301"",""Odds"":""1.1""}],""LotteryId"":11,""UseLastOdds"":1}"
"{""BetItems"":[{""BetMoney"":2,""BetNo"":""1100301"",""Odds"":""1.1""}],""LotteryId"":11,""UseLastOdds"":1}"
"{""BetItems"":[{""BetMoney"":2,""BetNo"":""1100301"",""Odds"":""1.1""}],""LotteryId"":11,""UseLastOdds"":1}"
"{""BetItems"":[{""BetMoney"":2,""BetNo"":""1100301"",""Odds"":""1.1""},{""BetMoney"":2,""BetNo"":""1100302"",""Odds"":""1.1""}],""LotteryId"":11,""UseLastOdds"":1}"
"{""BetItems"":[{""BetMoney"":2,""BetNo"":""1100301"",""Odds"":""1.1""}],""LotteryId"":11,""UseLastOdds"":1}"
"{""BetItems"":[{""BetMoney"":2,""BetNo"":""1100301"",""Odds"":""1.1""},{""BetMoney"":2,""BetNo"":""1100302"",""Odds"":""1.1""}],""LotteryId"":11,""UseLastOdds"":1}"
"{""BetItems"":[{""BetMoney"":2,""BetNo"":""1100301"",""Odds"":""1.1""},{""BetMoney"":2,""BetNo"":""1100302"",""Odds"":""1.1""}],""LotteryId"":11,""UseLastOdds"":1}"
"{""BetItems"":[{""BetMoney"":2,""BetNo"":""1100301"",""Odds"":""1.1""}],""LotteryId"":11,""UseLastOdds"":1}"
"{""BetItems"":[{""BetMoney"":2,""BetNo"":""1100301"",""Odds"":""1.1""},{""BetMoney"":2,""BetNo"":""1100302"",""Odds"":""1.1""}],""LotteryId"":11,""UseLastOdds"":1}"
"{""BetItems"":[{""BetMoney"":2,""BetNo"":""1100301"",""Odds"":""1.1""}],""LotteryId"":11,""UseLastOdds"":1}"
"{""BetItems"":[{""BetMoney"":2,""BetNo"":""1100301"",""Odds"":""1.1""},{""BetMoney"":2,""BetNo"":""1100302"",""Odds"":""1.1""}],""LotteryId"":11,""UseLastOdds"":1}"
"{""BetItems"":[{""BetMoney"":2,""BetNo"":""1100301"",""Odds"":""1.1""},{""BetMoney"":2,""BetNo"":""1100302"",""Odds"":""1.1""}],""LotteryId"":11,""UseLastOdds"":1}"
"{""BetItems"":[{""BetMoney"":2,""BetNo"":""1100301"",""Odds"":""1.1""},{""BetMoney"":2,""BetNo"":""1100302"",""Odds"":""1.1""}],""LotteryId"":11,""UseLastOdds"":1}"
"{""BetItems"":[{""BetMoney"":2,""BetNo"":""1100302"",""Odds"":""1.1""}],""LotteryId"":11,""UseLastOdds"":1}"
"{""BetItems"":[{""BetMoney"":2,""BetNo"":""1100301"",""Odds"":""1.1""},{""BetMoney"":2,""BetNo"":""1100302"",""Odds"":""1.1""}],""LotteryId"":11,""UseLastOdds"":1}"
"{""BetItems"":[{""BetMoney"":2,""BetNo"":""1100302"",""Odds"":""1.1""}],""LotteryId"":11,""UseLastOdds"":1}"
"{""BetItems"":[{""BetMoney"":2,""BetNo"":""1100302"",""Odds"":""1.1""}],""LotteryId"":11,""UseLastOdds"":1}"
"{""BetItems"":[{""BetMoney"":2,""BetNo"":""1100301"",""Odds"":""1.1""}],""LotteryId"":11,""UseLastOdds"":1}"
"{""BetItems"":[{""BetMoney"":2,""BetNo"":""1100301"",""Odds"":""1.1""},{""BetMoney"":2,""BetNo"":""1100302"",""Odds"":""1.1""}],""LotteryId"":11,""UseLastOdds"":1}"
"{""BetItems"":[{""BetMoney"":2,""BetNo"":""1100301"",""Odds"":""1.1""},{""BetMoney"":2,""BetNo"":""1100302"",""Odds"":""1.1""}],""LotteryId"":11,""UseLastOdds"":1}"
"{""BetItems"":[{""BetMoney"":2,""BetNo"":""1100301"",""Odds"":""1.1""},{""BetMoney"":2,""BetNo"":""1100302"",""Odds"":""1.1""}],""LotteryId"":11,""UseLastOdds"":1}"
"{""BetItems"":[{""BetMoney"":2,""BetNo"":""1100301"",""Odds"":""1.1""},{""BetMoney"":2,""BetNo"":""1100302"",""Odds"":""1.1""}],""LotteryId"":11,""UseLastOdds"":1}"
"{""BetItems"":[{""BetMoney"":2,""BetNo"":""1100301"",""Odds"":""1.1""},{""BetMoney"":2,""BetNo"":""1100302"",""Odds"":""1.1""}],""LotteryId"":11,""UseLastOdds"":1}"
"{""BetItems"":[{""BetMoney"":2,""BetNo"":""1100301"",""Odds"":""1.1""}],""LotteryId"":11,""UseLastOdds"":1}"
"{""BetItems"":[{""BetMoney"":2,""BetNo"":""1100301"",""Odds"":""1.1""},{""BetMoney"":2,""BetNo"":""1100302"",""Odds"":""1.1""}],""LotteryId"":11,""UseLastOdds"":1}"
"{""BetItems"":[{""BetMoney"":2,""BetNo"":""1100301"",""Odds"":""1.1""}],""LotteryId"":11,""UseLastOdds"":1}"
"{""BetItems"":[{""BetMoney"":2,""BetNo"":""1100302"",""Odds"":""1.1""}],""LotteryId"":11,""UseLastOdds"":1}"
"{""BetItems"":[{""BetMoney"":2,""BetNo"":""1100302"",""Odds"":""1.1""}],""LotteryId"":11,""UseLastOdds"":1}"
"{""BetItems"":[{""BetMoney"":2,""BetNo"":""1100301"",""Odds"":""1.1""},{""BetMoney"":2,""BetNo"":""1100302"",""Odds"":""1.1""}],""LotteryId"":11,""UseLastOdds"":1}"
"{""BetItems"":[{""BetMoney"":2,""BetNo"":""1100301"",""Odds"":""1.1""}],""LotteryId"":11,""UseLastOdds"":1}"
"{""BetItems"":[{""BetMoney"":2,""BetNo"":""1100302"",""Odds"":""1.1""}],""LotteryId"":11,""UseLastOdds"":1}"
"{""BetItems"":[{""BetMoney"":2,""BetNo"":""1100302"",""Odds"":""1.1""}],""LotteryId"":11,""UseLastOdds"":1}"
"{""BetItems"":[{""BetMoney"":2,""BetNo"":""1100302"",""Odds"":""1.1""}],""LotteryId"":11,""UseLastOdds"":1}"
"{""BetItems"":[{""BetMoney"":2,""BetNo"":""1100301"",""Odds"":""1.1""},{""BetMoney"":2,""BetNo"":""1100302"",""Odds"":""1.1""}],""LotteryId"":11,""UseLastOdds"":1}"
"{""BetItems"":[{""BetMoney"":2,""BetNo"":""1100302"",""Odds"":""1.1""}],""LotteryId"":11,""UseLastOdds"":1}"
"{""BetItems"":[{""BetMoney"":2,""BetNo"":""1100301"",""Odds"":""1.1""}],""LotteryId"":11,""UseLastOdds"":1}"
"{""BetItems"":[{""BetMoney"":2,""BetNo"":""1100301"",""Odds"":""1.1""},{""BetMoney"":2,""BetNo"":""1100302"",""Odds"":""1.1""}],""LotteryId"":11,""UseLastOdds"":1}"
"{""BetItems"":[{""BetMoney"":2,""BetNo"":""1100302"",""Odds"":""1.1""}],""LotteryId"":11,""UseLastOdds"":1}"
"{""BetItems"":[{""BetMoney"":2,""BetNo"":""1100302"",""Odds"":""1.1""}],""LotteryId"":11,""UseLastOdds"":1}"
"{""BetItems"":[{""BetMoney"":2,""BetNo"":""1100302"",""Odds"":""1.1""}],""LotteryId"":11,""UseLastOdds"":1}"
"{""BetItems"":[{""BetMoney"":2,""BetNo"":""1100301"",""Odds"":""1.1""}],""LotteryId"":11,""UseLastOdds"":1}"
"{""BetItems"":[{""BetMoney"":2,""BetNo"":""1100301"",""Odds"":""1.1""},{""BetMoney"":2,""BetNo"":""1100302"",""Odds"":""1.1""}],""LotteryId"":11,""UseLastOdds"":1}"
"{""BetItems"":[{""BetMoney"":2,""BetNo"":""1100301"",""Odds"":""1.1""},{""BetMoney"":2,""BetNo"":""1100302"",""Odds"":""1.1""}],""LotteryId"":11,""UseLastOdds"":1}"
"{""BetItems"":[{""BetMoney"":2,""BetNo"":""1100301"",""Odds"":""1.1""}],""LotteryId"":11,""UseLastOdds"":1}"
"{""BetItems"":[{""BetMoney"":2,""BetNo"":""1100301"",""Odds"":""1.1""},{""BetMoney"":2,""BetNo"":""1100302"",""Odds"":""1.1""}],""LotteryId"":11,""UseLastOdds"":1}"
"{""BetItems"":[{""BetMoney"":2,""BetNo"":""1100301"",""Odds"":""1.1""},{""BetMoney"":2,""BetNo"":""1100302"",""Odds"":""1.1""}],""LotteryId"":11,""UseLastOdds"":1}"
"{""BetItems"":[{""BetMoney"":2,""BetNo"":""1100301"",""Odds"":""1.1""},{""BetMoney"":2,""BetNo"":""1100302"",""Odds"":""1.1""}],""LotteryId"":11,""UseLastOdds"":1}"
"{""BetItems"":[{""BetMoney"":2,""BetNo"":""1100301"",""Odds"":""1.1""}],""LotteryId"":11,""UseLastOdds"":1}"
"{""BetItems"":[{""BetMoney"":2,""BetNo"":""1100301"",""Odds"":""1.1""}],""LotteryId"":11,""UseLastOdds"":1}"
"{""BetItems"":[{""BetMoney"":2,""BetNo"":""1100301"",""Odds"":""1.1""}],""LotteryId"":11,""UseLastOdds"":1}"
"{""BetItems"":[{""BetMoney"":2,""BetNo"":""1100302"",""Odds"":""1.1""}],""LotteryId"":11,""UseLastOdds"":1}"
"{""BetItems"":[{""BetMoney"":2,""BetNo"":""1100302"",""Odds"":""1.1""}],""LotteryId"":11,""UseLastOdds"":1}"
"{""BetItems"":[{""BetMoney"":2,""BetNo"":""1100301"",""Odds"":""1.1""}],""LotteryId"":11,""UseLastOdds"":1}"
"{""BetItems"":[{""BetMoney"":2,""BetNo"":""1100302"",""Odds"":""1.1""}],""LotteryId"":11,""UseLastOdds"":1}"
"{""BetItems"":[{""BetMoney"":2,""BetNo"":""1100301"",""Odds"":""1.1""},{""BetMoney"":2,""BetNo"":""1100302"",""Odds"":""1.1""}],""LotteryId"":11,""UseLastOdds"":1}"
"{""BetItems"":[{""BetMoney"":2,""BetNo"":""1100301"",""Odds"":""1.1""},{""BetMoney"":2,""BetNo"":""1100302"",""Odds"":""1.1""}],""LotteryId"":11,""UseLastOdds"":1}"
"{""BetItems"":[{""BetMoney"":2,""BetNo"":""1100302"",""Odds"":""1.1""}],""LotteryId"":11,""UseLastOdds"":1}"
"{""BetItems"":[{""BetMoney"":2,""BetNo"":""1100301"",""Odds"":""1.1""},{""BetMoney"":2,""BetNo"":""1100302"",""Odds"":""1.1""}],""LotteryId"":11,""UseLastOdds"":1}"
"{""BetItems"":[{""BetMoney"":2,""BetNo"":""1100301"",""Odds"":""1.1""},{""BetMoney"":2,""BetNo"":""1100302"",""Odds"":""1.1""}],""LotteryId"":11,""UseLastOdds"":1}"
"{""BetItems"":[{""BetMoney"":2,""BetNo"":""1100301"",""Odds"":""1.1""},{""BetMoney"":2,""BetNo"":""1100302"",""Odds"":""1.1""}],""LotteryId"":11,""UseLastOdds"":1}"
"{""BetItems"":[{""BetMoney"":2,""BetNo"":""1100301"",""Odds"":""1.1""},{""BetMoney"":2,""BetNo"":""1100302"",""Odds"":""1.1""}],""LotteryId"":11,""UseLastOdds"":1}"
"{""BetItems"":[{""BetMoney"":2,""BetNo"":""1100301"",""Odds"":""1.1""}],""LotteryId"":11,""UseLastOdds"":1}"
"{""BetItems"":[{""BetMoney"":2,""BetNo"":""1100301"",""Odds"":""1.1""},{""BetMoney"":2,""BetNo"":""1100302"",""Odds"":""1.1""}],""LotteryId"":11,""UseLastOdds"":1}"
"{""BetItems"":[{""BetMoney"":2,""BetNo"":""1100301"",""Odds"":""1.1""}],""LotteryId"":11,""UseLastOdds"":1}"
"{""BetItems"":[{""BetMoney"":2,""BetNo"":""1100301"",""Odds"":""1.1""}],""LotteryId"":11,""UseLastOdds"":1}"
"{""BetItems"":[{""BetMoney"":2,""BetNo"":""1100301"",""Odds"":""1.1""},{""BetMoney"":2,""BetNo"":""1100302"",""Odds"":""1.1""}],""LotteryId"":11,""UseLastOdds"":1}"
"{""BetItems"":[{""BetMoney"":2,""BetNo"":""1100302"",""Odds"":""1.1""}],""LotteryId"":11,""UseLastOdds"":1}"
"{""BetItems"":[{""BetMoney"":2,""BetNo"":""1100301"",""Odds"":""1.1""},{""BetMoney"":2,""BetNo"":""1100302"",""Odds"":""1.1""}],""LotteryId"":11,""UseLastOdds"":1}"
"{""BetItems"":[{""BetMoney"":2,""BetNo"":""1100301"",""Odds"":""1.1""}],""LotteryId"":11,""UseLastOdds"":1}"
"{""BetItems"":[{""BetMoney"":2,""BetNo"":""1100301"",""Odds"":""1.1""},{""BetMoney"":2,""BetNo"":""1100302"",""Odds"":""1.1""}],""LotteryId"":11,""UseLastOdds"":1}"
"{""BetItems"":[{""BetMoney"":2,""BetNo"":""1100302"",""Odds"":""1.1""}],""LotteryId"":11,""UseLastOdds"":1}"
"{""BetItems"":[{""BetMoney"":2,""BetNo"":""1100301"",""Odds"":""1.1""}],""LotteryId"":11,""UseLastOdds"":1}"
"{""BetItems"":[{""BetMoney"":2,""BetNo"":""1100301"",""Odds"":""1.1""},{""BetMoney"":2,""BetNo"":""1100302"",""Odds"":""1.1""}],""LotteryId"":11,""UseLastOdds"":1}"
"{""BetItems"":[{""BetMoney"":2,""BetNo"":""1100302"",""Odds"":""1.1""}],""LotteryId"":11,""UseLastOdds"":1}"
"{""BetItems"":[{""BetMoney"":2,""BetNo"":""1100301"",""Odds"":""1.1""},{""BetMoney"":2,""BetNo"":""1100302"",""Odds"":""1.1""}],""LotteryId"":11,""UseLastOdds"":1}"
"{""BetItems"":[{""BetMoney"":2,""BetNo"":""1100301"",""Odds"":""1.1""}],""LotteryId"":11,""UseLastOdds"":1}"
"{""BetItems"":[{""BetMoney"":2,""BetNo"":""1100301"",""Odds"":""1.1""},{""BetMoney"":2,""BetNo"":""1100302"",""Odds"":""1.1""}],""LotteryId"":11,""UseLastOdds"":1}"
"{""BetItems"":[{""BetMoney"":2,""BetNo"":""1100301"",""Odds"":""1.1""}],""LotteryId"":11,""UseLastOdds"":1}"
"{""BetItems"":[{""BetMoney"":2,""BetNo"":""1100302"",""Odds"":""1.1""}],""LotteryId"":11,""UseLastOdds"":1}"
"{""BetItems"":[{""BetMoney"":2,""BetNo"":""1100302"",""Odds"":""1.1""}],""LotteryId"":11,""UseLastOdds"":1}"
"{""BetItems"":[{""BetMoney"":2,""BetNo"":""1100301"",""Odds"":""1.1""}],""LotteryId"":11,""UseLastOdds"":1}"
"{""BetItems"":[{""BetMoney"":2,""BetNo"":""1100301"",""Odds"":""1.1""},{""BetMoney"":2,""BetNo"":""1100302"",""Odds"":""1.1""}],""LotteryId"":11,""UseLastOdds"":1}"
"{""BetItems"":[{""BetMoney"":2,""BetNo"":""1100302"",""Odds"":""1.1""}],""LotteryId"":11,""UseLastOdds"":1}"
"{""BetItems"":[{""BetMoney"":2,""BetNo"":""1100301"",""Odds"":""1.1""},{""BetMoney"":2,""BetNo"":""1100302"",""Odds"":""1.1""}],""LotteryId"":11,""UseLastOdds"":1}"
"{""BetItems"":[{""BetMoney"":2,""BetNo"":""1100301"",""Odds"":""1.1""},{""BetMoney"":2,""BetNo"":""1100302"",""Odds"":""1.1""}],""LotteryId"":11,""UseLastOdds"":1}"
"{""BetItems"":[{""BetMoney"":2,""BetNo"":""1100301"",""Odds"":""1.1""},{""BetMoney"":2,""BetNo"":""1100302"",""Odds"":""1.1""}],""LotteryId"":11,""UseLastOdds"":1}"
"{""BetItems"":[{""BetMoney"":2,""BetNo"":""1100301"",""Odds"":""1.1""},{""BetMoney"":2,""BetNo"":""1100302"",""Odds"":""1.1""}],""LotteryId"":11,""UseLastOdds"":1}"
"{""BetItems"":[{""BetMoney"":2,""BetNo"":""1100301"",""Odds"":""1.1""}],""LotteryId"":11,""UseLastOdds"":1}"
"{""BetItems"":[{""BetMoney"":2,""BetNo"":""1100301"",""Odds"":""1.1""}],""LotteryId"":11,""UseLastOdds"":1}"
"{""BetItems"":[{""BetMoney"":2,""BetNo"":""1100301"",""Odds"":""1.1""},{""BetMoney"":2,""BetNo"":""1100302"",""Odds"":""1.1""}],""LotteryId"":11,""UseLastOdds"":1}"
"{""BetItems"":[{""BetMoney"":2,""BetNo"":""1100301"",""Odds"":""1.1""},{""BetMoney"":2,""BetNo"":""1100302"",""Odds"":""1.1""}],""LotteryId"":11,""UseLastOdds"":1}"
"{""BetItems"":[{""BetMoney"":2,""BetNo"":""1100301"",""Odds"":""1.1""},{""BetMoney"":2,""BetNo"":""1100302"",""Odds"":""1.1""}],""LotteryId"":11,""UseLastOdds"":1}"
"{""BetItems"":[{""BetMoney"":2,""BetNo"":""1100302"",""Odds"":""1.1""}],""LotteryId"":11,""UseLastOdds"":1}"
"{""BetItems"":[{""BetMoney"":2,""BetNo"":""1100301"",""Odds"":""1.1""},{""BetMoney"":2,""BetNo"":""1100302"",""Odds"":""1.1""}],""LotteryId"":11,""UseLastOdds"":1}"
"{""BetItems"":[{""BetMoney"":2,""BetNo"":""1100301"",""Odds"":""1.1""},{""BetMoney"":2,""BetNo"":""1100302"",""Odds"":""1.1""}],""LotteryId"":11,""UseLastOdds"":1}"
"{""BetItems"":[{""BetMoney"":2,""BetNo"":""1100302"",""Odds"":""1.1""}],""LotteryId"":11,""UseLastOdds"":1}"
"{""BetItems"":[{""BetMoney"":2,""BetNo"":""1100301"",""Odds"":""1.1""},{""BetMoney"":2,""BetNo"":""1100302"",""Odds"":""1.1""}],""LotteryId"":11,""UseLastOdds"":1}"
"{""BetItems"":[{""BetMoney"":2,""BetNo"":""1100301"",""Odds"":""1.1""},{""BetMoney"":2,""BetNo"":""1100302"",""Odds"":""1.1""}],""LotteryId"":11,""UseLastOdds"":1}"
"{""BetItems"":[{""BetMoney"":2,""BetNo"":""1100301"",""Odds"":""1.1""},{""BetMoney"":2,""BetNo"":""1100302"",""Odds"":""1.1""}],""LotteryId"":11,""UseLastOdds"":1}"
"{""BetItems"":[{""BetMoney"":2,""BetNo"":""1100301"",""Odds"":""1.1""}],""LotteryId"":11,""UseLastOdds"":1}"
"{""BetItems"":[{""BetMoney"":2,""BetNo"":""1100302"",""Odds"":""1.1""}],""LotteryId"":11,""UseLastOdds"":1}"
"{""BetItems"":[{""BetMoney"":2,""BetNo"":""1100301"",""Odds"":""1.1""},{""BetMoney"":2,""BetNo"":""1100302"",""Odds"":""1.1""}],""LotteryId"":11,""UseLastOdds"":1}"
"{""BetItems"":[{""BetMoney"":2,""BetNo"":""1100301"",""Odds"":""1.1""},{""BetMoney"":2,""BetNo"":""1100302"",""Odds"":""1.1""}],""LotteryId"":11,""UseLastOdds"":1}"
"{""BetItems"":[{""BetMoney"":2,""BetNo"":""1100301"",""Odds"":""1.1""},{""BetMoney"":2,""BetNo"":""1100302"",""Odds"":""1.1""}],""LotteryId"":11,""UseLastOdds"":1}"
"{""BetItems"":[{""BetMoney"":2,""BetNo"":""1100301"",""Odds"":""1.1""},{""BetMoney"":2,""BetNo"":""1100302"",""Odds"":""1.1""}],""LotteryId"":11,""UseLastOdds"":1}"
"{""BetItems"":[{""BetMoney"":2,""BetNo"":""1100302"",""Odds"":""1.1""}],""LotteryId"":11,""UseLastOdds"":1}"
"{""BetItems"":[{""BetMoney"":2,""BetNo"":""1100301"",""Odds"":""1.1""},{""BetMoney"":2,""BetNo"":""1100302"",""Odds"":""1.1""}],""LotteryId"":11,""UseLastOdds"":1}"
"{""BetItems"":[{""BetMoney"":2,""BetNo"":""1100301"",""Odds"":""1.1""},{""BetMoney"":2,""BetNo"":""1100302"",""Odds"":""1.1""}],""LotteryId"":11,""UseLastOdds"":1}"
"{""BetItems"":[{""BetMoney"":2,""BetNo"":""1100301"",""Odds"":""1.1""},{""BetMoney"":2,""BetNo"":""1100302"",""Odds"":""1.1""}],""LotteryId"":11,""UseLastOdds"":1}"
"{""BetItems"":[{""BetMoney"":2,""BetNo"":""1100301"",""Odds"":""1.1""}],""LotteryId"":11,""UseLastOdds"":1}"
"{""BetItems"":[{""BetMoney"":2,""BetNo"":""1100302"",""Odds"":""1.1""}],""LotteryId"":11,""UseLastOdds"":1}"
"{""BetItems"":[{""BetMoney"":2,""BetNo"":""1100301"",""Odds"":""1.1""}],""LotteryId"":11,""UseLastOdds"":1}"
"{""BetItems"":[{""BetMoney"":2,""BetNo"":""1100301"",""Odds"":""1.1""},{""BetMoney"":2,""BetNo"":""1100302"",""Odds"":""1.1""}],""LotteryId"":11,""UseLastOdds"":1}"
"{""BetItems"":[{""BetMoney"":2,""BetNo"":""1100301"",""Odds"":""1.1""},{""BetMoney"":2,""BetNo"":""1100302"",""Odds"":""1.1""}],""LotteryId"":11,""UseLastOdds"":1}"
"{""BetItems"":[{""BetMoney"":2,""BetNo"":""1100301"",""Odds"":""1.1""},{""BetMoney"":2,""BetNo"":""1100302"",""Odds"":""1.1""}],""LotteryId"":11,""UseLastOdds"":1}"
"{""BetItems"":[{""BetMoney"":2,""BetNo"":""1100302"",""Odds"":""1.1""}],""LotteryId"":11,""UseLastOdds"":1}"
"{""BetItems"":[{""BetMoney"":2,""BetNo"":""1100301"",""Odds"":""1.1""}],""LotteryId"":11,""UseLastOdds"":1}"
"{""BetItems"":[{""BetMoney"":2,""BetNo"":""1100301"",""Odds"":""1.1""}],""LotteryId"":11,""UseLastOdds"":1}"
"{""BetItems"":[{""BetMoney"":2,""BetNo"":""1100301"",""Odds"":""1.1""},{""BetMoney"":2,""BetNo"":""1100302"",""Odds"":""1.1""}],""LotteryId"":11,""UseLastOdds"":1}"
"{""BetItems"":[{""BetMoney"":2,""BetNo"":""1100301"",""Odds"":""1.1""},{""BetMoney"":2,""BetNo"":""1100302"",""Odds"":""1.1""}],""LotteryId"":11,""UseLastOdds"":1}"
"{""BetItems"":[{""BetMoney"":2,""BetNo"":""1100302"",""Odds"":""1.1""}],""LotteryId"":11,""UseLastOdds"":1}"
"{""BetItems"":[{""BetMoney"":2,""BetNo"":""1100301"",""Odds"":""1.1""}],""LotteryId"":11,""UseLastOdds"":1}"
"{""BetItems"":[{""BetMoney"":2,""BetNo"":""1100301"",""Odds"":""1.1""}],""LotteryId"":11,""UseLastOdds"":1}"
"{""BetItems"":[{""BetMoney"":2,""BetNo"":""1100301"",""Odds"":""1.1""}],""LotteryId"":11,""UseLastOdds"":1}"
"{""BetItems"":[{""BetMoney"":2,""BetNo"":""1100302"",""Odds"":""1.1""}],""LotteryId"":11,""UseLastOdds"":1}"
"{""BetItems"":[{""BetMoney"":2,""BetNo"":""1100302"",""Odds"":""1.1""}],""LotteryId"":11,""UseLastOdds"":1}"
"{""BetItems"":[{""BetMoney"":2,""BetNo"":""1100301"",""Odds"":""1.1""},{""BetMoney"":2,""BetNo"":""1100302"",""Odds"":""1.1""}],""LotteryId"":11,""UseLastOdds"":1}"
"{""BetItems"":[{""BetMoney"":2,""BetNo"":""1100302"",""Odds"":""1.1""}],""LotteryId"":11,""UseLastOdds"":1}"
"{""BetItems"":[{""BetMoney"":2,""BetNo"":""1100302"",""Odds"":""1.1""}],""LotteryId"":11,""UseLastOdds"":1}"
"{""BetItems"":[{""BetMoney"":2,""BetNo"":""1100301"",""Odds"":""1.1""},{""BetMoney"":2,""BetNo"":""1100302"",""Odds"":""1.1""}],""LotteryId"":11,""UseLastOdds"":1}"
"{""BetItems"":[{""BetMoney"":2,""BetNo"":""1100301"",""Odds"":""1.1""},{""BetMoney"":2,""BetNo"":""1100302"",""Odds"":""1.1""}],""LotteryId"":11,""UseLastOdds"":1}"
"{""BetItems"":[{""BetMoney"":2,""BetNo"":""1100301"",""Odds"":""1.1""},{""BetMoney"":2,""BetNo"":""1100302"",""Odds"":""1.1""}],""LotteryId"":11,""UseLastOdds"":1}"
"{""BetItems"":[{""BetMoney"":2,""BetNo"":""1100302"",""Odds"":""1.1""}],""LotteryId"":11,""UseLastOdds"":1}"
"{""BetItems"":[{""BetMoney"":2,""BetNo"":""1100301"",""Odds"":""1.1""},{""BetMoney"":2,""BetNo"":""1100302"",""Odds"":""1.1""}],""LotteryId"":11,""UseLastOdds"":1}"
"{""BetItems"":[{""BetMoney"":2,""BetNo"":""1100301"",""Odds"":""1.1""},{""BetMoney"":2,""BetNo"":""1100302"",""Odds"":""1.1""}],""LotteryId"":11,""UseLastOdds"":1}"
"{""BetItems"":[{""BetMoney"":2,""BetNo"":""1100301"",""Odds"":""1.1""},{""BetMoney"":2,""BetNo"":""1100302"",""Odds"":""1.1""}],""LotteryId"":11,""UseLastOdds"":1}"
"{""BetItems"":[{""BetMoney"":2,""BetNo"":""1100302"",""Odds"":""1.1""}],""LotteryId"":11,""UseLastOdds"":1}"
"{""BetItems"":[{""BetMoney"":2,""BetNo"":""1100301"",""Odds"":""1.1""},{""BetMoney"":2,""BetNo"":""1100302"",""Odds"":""1.1""}],""LotteryId"":11,""UseLastOdds"":1}"
"{""BetItems"":[{""BetMoney"":2,""BetNo"":""1100301"",""Odds"":""1.1""},{""BetMoney"":2,""BetNo"":""1100302"",""Odds"":""1.1""}],""LotteryId"":11,""UseLastOdds"":1}"
"{""BetItems"":[{""BetMoney"":2,""BetNo"":""1100302"",""Odds"":""1.1""}],""LotteryId"":11,""UseLastOdds"":1}"
"{""BetItems"":[{""BetMoney"":2,""BetNo"":""1100301"",""Odds"":""1.1""},{""BetMoney"":2,""BetNo"":""1100302"",""Odds"":""1.1""}],""LotteryId"":11,""UseLastOdds"":1}"
"{""BetItems"":[{""BetMoney"":2,""BetNo"":""1100301"",""Odds"":""1.1""},{""BetMoney"":2,""BetNo"":""1100302"",""Odds"":""1.1""}],""LotteryId"":11,""UseLastOdds"":1}"
"{""BetItems"":[{""BetMoney"":2,""BetNo"":""1100301"",""Odds"":""1.1""},{""BetMoney"":2,""BetNo"":""1100302"",""Odds"":""1.1""}],""LotteryId"":11,""UseLastOdds"":1}"
"{""BetItems"":[{""BetMoney"":2,""BetNo"":""1100301"",""Odds"":""1.1""}],""LotteryId"":11,""UseLastOdds"":1}"
"{""BetItems"":[{""BetMoney"":2,""BetNo"":""1100301"",""Odds"":""1.1""},{""BetMoney"":2,""BetNo"":""1100302"",""Odds"":""1.1""}],""LotteryId"":11,""UseLastOdds"":1}"
"{""BetItems"":[{""BetMoney"":2,""BetNo"":""1100301"",""Odds"":""1.1""},{""BetMoney"":2,""BetNo"":""1100302"",""Odds"":""1.1""}],""LotteryId"":11,""UseLastOdds"":1}"
"{""BetItems"":[{""BetMoney"":2,""BetNo"":""1100301"",""Odds"":""1.1""},{""BetMoney"":2,""BetNo"":""1100302"",""Odds"":""1.1""}],""LotteryId"":11,""UseLastOdds"":1}"
"{""BetItems"":[{""BetMoney"":2,""BetNo"":""1100301"",""Odds"":""1.1""},{""BetMoney"":2,""BetNo"":""1100302"",""Odds"":""1.1""}],""LotteryId"":11,""UseLastOdds"":1}"
"{""BetItems"":[{""BetMoney"":2,""BetNo"":""1100301"",""Odds"":""1.1""},{""BetMoney"":2,""BetNo"":""1100302"",""Odds"":""1.1""}],""LotteryId"":11,""UseLastOdds"":1}"
"{""BetItems"":[{""BetMoney"":2,""BetNo"":""1100301"",""Odds"":""1.1""},{""BetMoney"":2,""BetNo"":""1100302"",""Odds"":""1.1""}],""LotteryId"":11,""UseLastOdds"":1}"
"{""BetItems"":[{""BetMoney"":2,""BetNo"":""1100301"",""Odds"":""1.1""}],""LotteryId"":11,""UseLastOdds"":1}"
"{""BetItems"":[{""BetMoney"":2,""BetNo"":""1100302"",""Odds"":""1.1""}],""LotteryId"":11,""UseLastOdds"":1}"
"{""BetItems"":[{""BetMoney"":2,""BetNo"":""1100301"",""Odds"":""1.1""}],""LotteryId"":11,""UseLastOdds"":1}"
"{""BetItems"":[{""BetMoney"":2,""BetNo"":""1100301"",""Odds"":""1.1""}],""LotteryId"":11,""UseLastOdds"":1}"
"{""BetItems"":[{""BetMoney"":2,""BetNo"":""1100301"",""Odds"":""1.1""},{""BetMoney"":2,""BetNo"":""1100302"",""Odds"":""1.1""}],""LotteryId"":11,""UseLastOdds"":1}"
"{""BetItems"":[{""BetMoney"":2,""BetNo"":""1100301"",""Odds"":""1.1""}],""LotteryId"":11,""UseLastOdds"":1}"
"{""BetItems"":[{""BetMoney"":2,""BetNo"":""1100301"",""Odds"":""1.1""},{""BetMoney"":2,""BetNo"":""1100302"",""Odds"":""1.1""}],""LotteryId"":11,""UseLastOdds"":1}"
"{""BetItems"":[{""BetMoney"":2,""BetNo"":""1100302"",""Odds"":""1.1""}],""LotteryId"":11,""UseLastOdds"":1}"
"{""BetItems"":[{""BetMoney"":2,""BetNo"":""1100301"",""Odds"":""1.1""},{""BetMoney"":2,""BetNo"":""1100302"",""Odds"":""1.1""}],""LotteryId"":11,""UseLastOdds"":1}"
"{""BetItems"":[{""BetMoney"":2,""BetNo"":""1100301"",""Odds"":""1.1""},{""BetMoney"":2,""BetNo"":""1100302"",""Odds"":""1.1""}],""LotteryId"":11,""UseLastOdds"":1}"
"{""BetItems"":[{""BetMoney"":2,""BetNo"":""1100301"",""Odds"":""1.1""},{""BetMoney"":2,""BetNo"":""1100302"",""Odds"":""1.1""}],""LotteryId"":11,""UseLastOdds"":1}"
"{""BetItems"":[{""BetMoney"":2,""BetNo"":""1100302"",""Odds"":""1.1""}],""LotteryId"":11,""UseLastOdds"":1}"
"{""BetItems"":[{""BetMoney"":2,""BetNo"":""1100301"",""Odds"":""1.1""},{""BetMoney"":2,""BetNo"":""1100302"",""Odds"":""1.1""}],""LotteryId"":11,""UseLastOdds"":1}"
"{""BetItems"":[{""BetMoney"":2,""BetNo"":""1100302"",""Odds"":""1.1""}],""LotteryId"":11,""UseLastOdds"":1}"
"{""BetItems"":[{""BetMoney"":2,""BetNo"":""1100301"",""Odds"":""1.1""}],""LotteryId"":11,""UseLastOdds"":1}"
"{""BetItems"":[{""BetMoney"":2,""BetNo"":""1100302"",""Odds"":""1.1""}],""LotteryId"":11,""UseLastOdds"":1}"
"{""BetItems"":[{""BetMoney"":2,""BetNo"":""1100302"",""Odds"":""1.1""}],""LotteryId"":11,""UseLastOdds"":1}"
"{""BetItems"":[{""BetMoney"":2,""BetNo"":""1100301"",""Odds"":""1.1""}],""LotteryId"":11,""UseLastOdds"":1}"
"{""BetItems"":[{""BetMoney"":2,""BetNo"":""1100301"",""Odds"":""1.1""}],""LotteryId"":11,""UseLastOdds"":1}"
"{""BetItems"":[{""BetMoney"":2,""BetNo"":""1100301"",""Odds"":""1.1""},{""BetMoney"":2,""BetNo"":""1100302"",""Odds"":""1.1""}],""LotteryId"":11,""UseLastOdds"":1}"
"{""BetItems"":[{""BetMoney"":2,""BetNo"":""1100301"",""Odds"":""1.1""},{""BetMoney"":2,""BetNo"":""1100302"",""Odds"":""1.1""}],""LotteryId"":11,""UseLastOdds"":1}"
"{""BetItems"":[{""BetMoney"":2,""BetNo"":""1100301"",""Odds"":""1.1""},{""BetMoney"":2,""BetNo"":""1100302"",""Odds"":""1.1""}],""LotteryId"":11,""UseLastOdds"":1}"
"{""BetItems"":[{""BetMoney"":2,""BetNo"":""1100301"",""Odds"":""1.1""}],""LotteryId"":11,""UseLastOdds"":1}"
"{""BetItems"":[{""BetMoney"":2,""BetNo"":""1100301"",""Odds"":""1.1""},{""BetMoney"":2,""BetNo"":""1100302"",""Odds"":""1.1""}],""LotteryId"":11,""UseLastOdds"":1}"
"{""BetItems"":[{""BetMoney"":2,""BetNo"":""1100302"",""Odds"":""1.1""}],""LotteryId"":11,""UseLastOdds"":1}"
"{""BetItems"":[{""BetMoney"":2,""BetNo"":""1100301"",""Odds"":""1.1""},{""BetMoney"":2,""BetNo"":""1100302"",""Odds"":""1.1""}],""LotteryId"":11,""UseLastOdds"":1}"
"{""BetItems"":[{""BetMoney"":2,""BetNo"":""1100301"",""Odds"":""1.1""},{""BetMoney"":2,""BetNo"":""1100302"",""Odds"":""1.1""}],""LotteryId"":11,""UseLastOdds"":1}"
"{""BetItems"":[{""BetMoney"":2,""BetNo"":""1100301"",""Odds"":""1.1""},{""BetMoney"":2,""BetNo"":""1100302"",""Odds"":""1.1""}],""LotteryId"":11,""UseLastOdds"":1}"
"{""BetItems"":[{""BetMoney"":2,""BetNo"":""1100302"",""Odds"":""1.1""}],""LotteryId"":11,""UseLastOdds"":1}"
"{""BetItems"":[{""BetMoney"":2,""BetNo"":""1100301"",""Odds"":""1.1""},{""BetMoney"":2,""BetNo"":""1100302"",""Odds"":""1.1""}],""LotteryId"":11,""UseLastOdds"":1}"
"{""BetItems"":[{""BetMoney"":2,""BetNo"":""1100301"",""Odds"":""1.1""}],""LotteryId"":11,""UseLastOdds"":1}"
"{""BetItems"":[{""BetMoney"":2,""BetNo"":""1100302"",""Odds"":""1.1""}],""LotteryId"":11,""UseLastOdds"":1}"
"{""BetItems"":[{""BetMoney"":2,""BetNo"":""1100302"",""Odds"":""1.1""}],""LotteryId"":11,""UseLastOdds"":1}"
"{""BetItems"":[{""BetMoney"":2,""BetNo"":""1100301"",""Odds"":""1.1""},{""BetMoney"":2,""BetNo"":""1100302"",""Odds"":""1.1""}],""LotteryId"":11,""UseLastOdds"":1}"
"{""BetItems"":[{""BetMoney"":2,""BetNo"":""1100302"",""Odds"":""1.1""}],""LotteryId"":11,""UseLastOdds"":1}"
"{""BetItems"":[{""BetMoney"":2,""BetNo"":""1100301"",""Odds"":""1.1""},{""BetMoney"":2,""BetNo"":""1100302"",""Odds"":""1.1""}],""LotteryId"":11,""UseLastOdds"":1}"
"{""BetItems"":[{""BetMoney"":2,""BetNo"":""1100301"",""Odds"":""1.1""},{""BetMoney"":2,""BetNo"":""1100302"",""Odds"":""1.1""}],""LotteryId"":11,""UseLastOdds"":1}"
"{""BetItems"":[{""BetMoney"":2,""BetNo"":""1100301"",""Odds"":""1.1""}],""LotteryId"":11,""UseLastOdds"":1}"
"{""BetItems"":[{""BetMoney"":2,""BetNo"":""1100302"",""Odds"":""1.1""}],""LotteryId"":11,""UseLastOdds"":1}"
"{""BetItems"":[{""BetMoney"":2,""BetNo"":""1100301"",""Odds"":""1.1""},{""BetMoney"":2,""BetNo"":""1100302"",""Odds"":""1.1""}],""LotteryId"":11,""UseLastOdds"":1}"
"{""BetItems"":[{""BetMoney"":2,""BetNo"":""1100301"",""Odds"":""1.1""}],""LotteryId"":11,""UseLastOdds"":1}"
"{""BetItems"":[{""BetMoney"":2,""BetNo"":""1100301"",""Odds"":""1.1""},{""BetMoney"":2,""BetNo"":""1100302"",""Odds"":""1.1""}],""LotteryId"":11,""UseLastOdds"":1}"
"{""BetItems"":[{""BetMoney"":2,""BetNo"":""1100302"",""Odds"":""1.1""}],""LotteryId"":11,""UseLastOdds"":1}"
"{""BetItems"":[{""BetMoney"":2,""BetNo"":""1100301"",""Odds"":""1.1""},{""BetMoney"":2,""BetNo"":""1100302"",""Odds"":""1.1""}],""LotteryId"":11,""UseLastOdds"":1}"
"{""BetItems"":[{""BetMoney"":2,""BetNo"":""1100302"",""Odds"":""1.1""}],""LotteryId"":11,""UseLastOdds"":1}"
"{""BetItems"":[{""BetMoney"":2,""BetNo"":""1100301"",""Odds"":""1.1""},{""BetMoney"":2,""BetNo"":""1100302"",""Odds"":""1.1""}],""LotteryId"":11,""UseLastOdds"":1}"
"{""BetItems"":[{""BetMoney"":2,""BetNo"":""1100302"",""Odds"":""1.1""}],""LotteryId"":11,""UseLastOdds"":1}"
"{""BetItems"":[{""BetMoney"":2,""BetNo"":""1100301"",""Odds"":""1.1""},{""BetMoney"":2,""BetNo"":""1100302"",""Odds"":""1.1""}],""LotteryId"":11,""UseLastOdds"":1}"
"{""BetItems"":[{""BetMoney"":2,""BetNo"":""1100301"",""Odds"":""1.1""},{""BetMoney"":2,""BetNo"":""1100302"",""Odds"":""1.1""}],""LotteryId"":11,""UseLastOdds"":1}"
"{""BetItems"":[{""BetMoney"":2,""BetNo"":""1100302"",""Odds"":""1.1""}],""LotteryId"":11,""UseLastOdds"":1}"
"{""BetItems"":[{""BetMoney"":2,""BetNo"":""1100302"",""Odds"":""1.1""}],""LotteryId"":11,""UseLastOdds"":1}"
"{""BetItems"":[{""BetMoney"":2,""BetNo"":""1100302"",""Odds"":""1.1""}],""LotteryId"":11,""UseLastOdds"":1}"
"{""BetItems"":[{""BetMoney"":2,""BetNo"":""1100302"",""Odds"":""1.1""}],""LotteryId"":11,""UseLastOdds"":1}"
"{""BetItems"":[{""BetMoney"":2,""BetNo"":""1100302"",""Odds"":""1.1""}],""LotteryId"":11,""UseLastOdds"":1}"
"{""BetItems"":[{""BetMoney"":2,""BetNo"":""1100301"",""Odds"":""1.1""},{""BetMoney"":2,""BetNo"":""1100302"",""Odds"":""1.1""}],""LotteryId"":11,""UseLastOdds"":1}"
"{""BetItems"":[{""BetMoney"":2,""BetNo"":""1100301"",""Odds"":""1.1""},{""BetMoney"":2,""BetNo"":""1100302"",""Odds"":""1.1""}],""LotteryId"":11,""UseLastOdds"":1}"
"{""BetItems"":[{""BetMoney"":2,""BetNo"":""1100301"",""Odds"":""1.1""},{""BetMoney"":2,""BetNo"":""1100302"",""Odds"":""1.1""}],""LotteryId"":11,""UseLastOdds"":1}"
"{""BetItems"":[{""BetMoney"":2,""BetNo"":""1100302"",""Odds"":""1.1""}],""LotteryId"":11,""UseLastOdds"":1}"
"{""BetItems"":[{""BetMoney"":2,""BetNo"":""1100301"",""Odds"":""1.1""},{""BetMoney"":2,""BetNo"":""1100302"",""Odds"":""1.1""}],""LotteryId"":11,""UseLastOdds"":1}"
"{""BetItems"":[{""BetMoney"":2,""BetNo"":""1100301"",""Odds"":""1.1""}],""LotteryId"":11,""UseLastOdds"":1}"
"{""BetItems"":[{""BetMoney"":2,""BetNo"":""1100301"",""Odds"":""1.1""}],""LotteryId"":11,""UseLastOdds"":1}"
"{""BetItems"":[{""BetMoney"":2,""BetNo"":""1100301"",""Odds"":""1.1""}],""LotteryId"":11,""UseLastOdds"":1}"
"{""BetItems"":[{""BetMoney"":2,""BetNo"":""1100302"",""Odds"":""1.1""}],""LotteryId"":11,""UseLastOdds"":1}"
"{""BetItems"":[{""BetMoney"":2,""BetNo"":""1100302"",""Odds"":""1.1""}],""LotteryId"":11,""UseLastOdds"":1}"
"{""BetItems"":[{""BetMoney"":2,""BetNo"":""1100302"",""Odds"":""1.1""}],""LotteryId"":11,""UseLastOdds"":1}"
"{""BetItems"":[{""BetMoney"":2,""BetNo"":""1100302"",""Odds"":""1.1""}],""LotteryId"":11,""UseLastOdds"":1}"
"{""BetItems"":[{""BetMoney"":2,""BetNo"":""1100301"",""Odds"":""1.1""}],""LotteryId"":11,""UseLastOdds"":1}"
"{""BetItems"":[{""BetMoney"":2,""BetNo"":""1100302"",""Odds"":""1.1""}],""LotteryId"":11,""UseLastOdds"":1}"
"{""BetItems"":[{""BetMoney"":2,""BetNo"":""1100301"",""Odds"":""1.1""},{""BetMoney"":2,""BetNo"":""1100302"",""Odds"":""1.1""}],""LotteryId"":11,""UseLastOdds"":1}"
"{""BetItems"":[{""BetMoney"":2,""BetNo"":""1100301"",""Odds"":""1.1""},{""BetMoney"":2,""BetNo"":""1100302"",""Odds"":""1.1""}],""LotteryId"":11,""UseLastOdds"":1}"
"{""BetItems"":[{""BetMoney"":2,""BetNo"":""1100301"",""Odds"":""1.1""},{""BetMoney"":2,""BetNo"":""1100302"",""Odds"":""1.1""}],""LotteryId"":11,""UseLastOdds"":1}"
"{""BetItems"":[{""BetMoney"":2,""BetNo"":""1100301"",""Odds"":""1.1""},{""BetMoney"":2,""BetNo"":""1100302"",""Odds"":""1.1""}],""LotteryId"":11,""UseLastOdds"":1}"
"{""BetItems"":[{""BetMoney"":2,""BetNo"":""1100301"",""Odds"":""1.1""}],""LotteryId"":11,""UseLastOdds"":1}"
"{""BetItems"":[{""BetMoney"":2,""BetNo"":""1100302"",""Odds"":""1.1""}],""LotteryId"":11,""UseLastOdds"":1}"
"{""BetItems"":[{""BetMoney"":2,""BetNo"":""1100301"",""Odds"":""1.1""},{""BetMoney"":2,""BetNo"":""1100302"",""Odds"":""1.1""}],""LotteryId"":11,""UseLastOdds"":1}"
"{""BetItems"":[{""BetMoney"":2,""BetNo"":""1100301"",""Odds"":""1.1""},{""BetMoney"":2,""BetNo"":""1100302"",""Odds"":""1.1""}],""LotteryId"":11,""UseLastOdds"":1}"
"{""BetItems"":[{""BetMoney"":2,""BetNo"":""1100301"",""Odds"":""1.1""},{""BetMoney"":2,""BetNo"":""1100302"",""Odds"":""1.1""}],""LotteryId"":11,""UseLastOdds"":1}"
"{""BetItems"":[{""BetMoney"":2,""BetNo"":""1100301"",""Odds"":""1.1""}],""LotteryId"":11,""UseLastOdds"":1}"
"{""BetItems"":[{""BetMoney"":2,""BetNo"":""1100301"",""Odds"":""1.1""},{""BetMoney"":2,""BetNo"":""1100302"",""Odds"":""1.1""}],""LotteryId"":11,""UseLastOdds"":1}"
"{""BetItems"":[{""BetMoney"":2,""BetNo"":""1100301"",""Odds"":""1.1""},{""BetMoney"":2,""BetNo"":""1100302"",""Odds"":""1.1""}],""LotteryId"":11,""UseLastOdds"":1}"
"{""BetItems"":[{""BetMoney"":2,""BetNo"":""1100301"",""Odds"":""1.1""},{""BetMoney"":2,""BetNo"":""1100302"",""Odds"":""1.1""}],""LotteryId"":11,""UseLastOdds"":1}"
"{""BetItems"":[{""BetMoney"":2,""BetNo"":""1100302"",""Odds"":""1.1""}],""LotteryId"":11,""UseLastOdds"":1}"
"{""BetItems"":[{""BetMoney"":2,""BetNo"":""1100301"",""Odds"":""1.1""}],""LotteryId"":11,""UseLastOdds"":1}"
"{""BetItems"":[{""BetMoney"":2,""BetNo"":""1100301"",""Odds"":""1.1""},{""BetMoney"":2,""BetNo"":""1100302"",""Odds"":""1.1""}],""LotteryId"":11,""UseLastOdds"":1}"
"{""BetItems"":[{""BetMoney"":2,""BetNo"":""1100301"",""Odds"":""1.1""},{""BetMoney"":2,""BetNo"":""1100302"",""Odds"":""1.1""}],""LotteryId"":11,""UseLastOdds"":1}"
"{""BetItems"":[{""BetMoney"":2,""BetNo"":""1100301"",""Odds"":""1.1""},{""BetMoney"":2,""BetNo"":""1100302"",""Odds"":""1.1""}],""LotteryId"":11,""UseLastOdds"":1}"
"{""BetItems"":[{""BetMoney"":2,""BetNo"":""1100301"",""Odds"":""1.1""},{""BetMoney"":2,""BetNo"":""1100302"",""Odds"":""1.1""}],""LotteryId"":11,""UseLastOdds"":1}"
"{""BetItems"":[{""BetMoney"":2,""BetNo"":""1100301"",""Odds"":""1.1""},{""BetMoney"":2,""BetNo"":""1100302"",""Odds"":""1.1""}],""LotteryId"":11,""UseLastOdds"":1}"
"{""BetItems"":[{""BetMoney"":2,""BetNo"":""1100301"",""Odds"":""1.1""}],""LotteryId"":11,""UseLastOdds"":1}"
"{""BetItems"":[{""BetMoney"":2,""BetNo"":""1100301"",""Odds"":""1.1""}],""LotteryId"":11,""UseLastOdds"":1}"
"{""BetItems"":[{""BetMoney"":2,""BetNo"":""1100301"",""Odds"":""1.1""},{""BetMoney"":2,""BetNo"":""1100302"",""Odds"":""1.1""}],""LotteryId"":11,""UseLastOdds"":1}"
"{""BetItems"":[{""BetMoney"":2,""BetNo"":""1100301"",""Odds"":""1.1""},{""BetMoney"":2,""BetNo"":""1100302"",""Odds"":""1.1""}],""LotteryId"":11,""UseLastOdds"":1}"
"{""BetItems"":[{""BetMoney"":2,""BetNo"":""1100302"",""Odds"":""1.1""}],""LotteryId"":11,""UseLastOdds"":1}"
"{""BetItems"":[{""BetMoney"":2,""BetNo"":""1100301"",""Odds"":""1.1""},{""BetMoney"":2,""BetNo"":""1100302"",""Odds"":""1.1""}],""LotteryId"":11,""UseLastOdds"":1}"
"{""BetItems"":[{""BetMoney"":2,""BetNo"":""1100301"",""Odds"":""1.1""},{""BetMoney"":2,""BetNo"":""1100302"",""Odds"":""1.1""}],""LotteryId"":11,""UseLastOdds"":1}"
"{""BetItems"":[{""BetMoney"":2,""BetNo"":""1100301"",""Odds"":""1.1""}],""LotteryId"":11,""UseLastOdds"":1}"
"{""BetItems"":[{""BetMoney"":2,""BetNo"":""1100301"",""Odds"":""1.1""},{""BetMoney"":2,""BetNo"":""1100302"",""Odds"":""1.1""}],""LotteryId"":11,""UseLastOdds"":1}"
"{""BetItems"":[{""BetMoney"":2,""BetNo"":""1100302"",""Odds"":""1.1""}],""LotteryId"":11,""UseLastOdds"":1}"
"{""BetItems"":[{""BetMoney"":2,""BetNo"":""1100302"",""Odds"":""1.1""}],""LotteryId"":11,""UseLastOdds"":1}"
"{""BetItems"":[{""BetMoney"":2,""BetNo"":""1100301"",""Odds"":""1.1""}],""LotteryId"":11,""UseLastOdds"":1}"
"{""BetItems"":[{""BetMoney"":2,""BetNo"":""1100301"",""Odds"":""1.1""}],""LotteryId"":11,""UseLastOdds"":1}"
"{""BetItems"":[{""BetMoney"":2,""BetNo"":""1100302"",""Odds"":""1.1""}],""LotteryId"":11,""UseLastOdds"":1}"
"{""BetItems"":[{""BetMoney"":2,""BetNo"":""1100301"",""Odds"":""1.1""}],""LotteryId"":11,""UseLastOdds"":1}"
"{""BetItems"":[{""BetMoney"":2,""BetNo"":""1100301"",""Odds"":""1.1""},{""BetMoney"":2,""BetNo"":""1100302"",""Odds"":""1.1""}],""LotteryId"":11,""UseLastOdds"":1}"
"{""BetItems"":[{""BetMoney"":2,""BetNo"":""1100301"",""Odds"":""1.1""},{""BetMoney"":2,""BetNo"":""1100302"",""Odds"":""1.1""}],""LotteryId"":11,""UseLastOdds"":1}"
"{""BetItems"":[{""BetMoney"":2,""BetNo"":""1100302"",""Odds"":""1.1""}],""LotteryId"":11,""UseLastOdds"":1}"
"{""BetItems"":[{""BetMoney"":2,""BetNo"":""1100301"",""Odds"":""1.1""},{""BetMoney"":2,""BetNo"":""1100302"",""Odds"":""1.1""}],""LotteryId"":11,""UseLastOdds"":1}"
"{""BetItems"":[{""BetMoney"":2,""BetNo"":""1100301"",""Odds"":""1.1""}],""LotteryId"":11,""UseLastOdds"":1}"
"{""BetItems"":[{""BetMoney"":2,""BetNo"":""1100301"",""Odds"":""1.1""}],""LotteryId"":11,""UseLastOdds"":1}"
"{""BetItems"":[{""BetMoney"":2,""BetNo"":""1100301"",""Odds"":""1.1""}],""LotteryId"":11,""UseLastOdds"":1}"
"{""BetItems"":[{""BetMoney"":2,""BetNo"":""1100301"",""Odds"":""1.1""}],""LotteryId"":11,""UseLastOdds"":1}"
"{""BetItems"":[{""BetMoney"":2,""BetNo"":""1100302"",""Odds"":""1.1""}],""LotteryId"":11,""UseLastOdds"":1}"
"{""BetItems"":[{""BetMoney"":2,""BetNo"":""1100302"",""Odds"":""1.1""}],""LotteryId"":11,""UseLastOdds"":1}"
"{""BetItems"":[{""BetMoney"":2,""BetNo"":""1100301"",""Odds"":""1.1""},{""BetMoney"":2,""BetNo"":""1100302"",""Odds"":""1.1""}],""LotteryId"":11,""UseLastOdds"":1}"
"{""BetItems"":[{""BetMoney"":2,""BetNo"":""1100301"",""Odds"":""1.1""}],""LotteryId"":11,""UseLastOdds"":1}"
"{""BetItems"":[{""BetMoney"":2,""BetNo"":""1100302"",""Odds"":""1.1""}],""LotteryId"":11,""UseLastOdds"":1}"
"{""BetItems"":[{""BetMoney"":2,""BetNo"":""1100301"",""Odds"":""1.1""}],""LotteryId"":11,""UseLastOdds"":1}"
"{""BetItems"":[{""BetMoney"":2,""BetNo"":""1100301"",""Odds"":""1.1""}],""LotteryId"":11,""UseLastOdds"":1}"
"{""BetItems"":[{""BetMoney"":2,""BetNo"":""1100301"",""Odds"":""1.1""},{""BetMoney"":2,""BetNo"":""1100302"",""Odds"":""1.1""}],""LotteryId"":11,""UseLastOdds"":1}"
"{""BetItems"":[{""BetMoney"":2,""BetNo"":""1100301"",""Odds"":""1.1""}],""LotteryId"":11,""UseLastOdds"":1}"
"{""BetItems"":[{""BetMoney"":2,""BetNo"":""1100302"",""Odds"":""1.1""}],""LotteryId"":11,""UseLastOdds"":1}"
"{""BetItems"":[{""BetMoney"":2,""BetNo"":""1100302"",""Odds"":""1.1""}],""LotteryId"":11,""UseLastOdds"":1}"
"{""BetItems"":[{""BetMoney"":2,""BetNo"":""1100302"",""Odds"":""1.1""}],""LotteryId"":11,""UseLastOdds"":1}"
"{""BetItems"":[{""BetMoney"":2,""BetNo"":""1100302"",""Odds"":""1.1""}],""LotteryId"":11,""UseLastOdds"":1}"
"{""BetItems"":[{""BetMoney"":2,""BetNo"":""1100301"",""Odds"":""1.1""}],""LotteryId"":11,""UseLastOdds"":1}"
"{""BetItems"":[{""BetMoney"":2,""BetNo"":""1100302"",""Odds"":""1.1""}],""LotteryId"":11,""UseLastOdds"":1}"
"{""BetItems"":[{""BetMoney"":2,""BetNo"":""1100301"",""Odds"":""1.1""}],""LotteryId"":11,""UseLastOdds"":1}"
"{""BetItems"":[{""BetMoney"":2,""BetNo"":""1100301"",""Odds"":""1.1""}],""LotteryId"":11,""UseLastOdds"":1}"
"{""BetItems"":[{""BetMoney"":2,""BetNo"":""1100302"",""Odds"":""1.1""}],""LotteryId"":11,""UseLastOdds"":1}"
"{""BetItems"":[{""BetMoney"":2,""BetNo"":""1100302"",""Odds"":""1.1""}],""LotteryId"":11,""UseLastOdds"":1}"
"{""BetItems"":[{""BetMoney"":2,""BetNo"":""1100301"",""Odds"":""1.1""},{""BetMoney"":2,""BetNo"":""1100302"",""Odds"":""1.1""}],""LotteryId"":11,""UseLastOdds"":1}"
"{""BetItems"":[{""BetMoney"":2,""BetNo"":""1100301"",""Odds"":""1.1""}],""LotteryId"":11,""UseLastOdds"":1}"
"{""BetItems"":[{""BetMoney"":2,""BetNo"":""1100302"",""Odds"":""1.1""}],""LotteryId"":11,""UseLastOdds"":1}"
"{""BetItems"":[{""BetMoney"":2,""BetNo"":""1100301"",""Odds"":""1.1""},{""BetMoney"":2,""BetNo"":""1100302"",""Odds"":""1.1""}],""LotteryId"":11,""UseLastOdds"":1}"
"{""BetItems"":[{""BetMoney"":2,""BetNo"":""1100301"",""Odds"":""1.1""},{""BetMoney"":2,""BetNo"":""1100302"",""Odds"":""1.1""}],""LotteryId"":11,""UseLastOdds"":1}"
"{""BetItems"":[{""BetMoney"":2,""BetNo"":""1100301"",""Odds"":""1.1""},{""BetMoney"":2,""BetNo"":""1100302"",""Odds"":""1.1""}],""LotteryId"":11,""UseLastOdds"":1}"
"{""BetItems"":[{""BetMoney"":2,""BetNo"":""1100301"",""Odds"":""1.1""}],""LotteryId"":11,""UseLastOdds"":1}"
"{""BetItems"":[{""BetMoney"":2,""BetNo"":""1100301"",""Odds"":""1.1""},{""BetMoney"":2,""BetNo"":""1100302"",""Odds"":""1.1""}],""LotteryId"":11,""UseLastOdds"":1}"
"{""BetItems"":[{""BetMoney"":2,""BetNo"":""1100301"",""Odds"":""1.1""}],""LotteryId"":11,""UseLastOdds"":1}"
"{""BetItems"":[{""BetMoney"":2,""BetNo"":""1100301"",""Odds"":""1.1""},{""BetMoney"":2,""BetNo"":""1100302"",""Odds"":""1.1""}],""LotteryId"":11,""UseLastOdds"":1}"
"{""BetItems"":[{""BetMoney"":2,""BetNo"":""1100302"",""Odds"":""1.1""}],""LotteryId"":11,""UseLastOdds"":1}"
"{""BetItems"":[{""BetMoney"":2,""BetNo"":""1100301"",""Odds"":""1.1""},{""BetMoney"":2,""BetNo"":""1100302"",""Odds"":""1.1""}],""LotteryId"":11,""UseLastOdds"":1}"
"{""BetItems"":[{""BetMoney"":2,""BetNo"":""1100301"",""Odds"":""1.1""}],""LotteryId"":11,""UseLastOdds"":1}"
"{""BetItems"":[{""BetMoney"":2,""BetNo"":""1100302"",""Odds"":""1.1""}],""LotteryId"":11,""UseLastOdds"":1}"
"{""BetItems"":[{""BetMoney"":2,""BetNo"":""1100301"",""Odds"":""1.1""}],""LotteryId"":11,""UseLastOdds"":1}"
"{""BetItems"":[{""BetMoney"":2,""BetNo"":""1100301"",""Odds"":""1.1""},{""BetMoney"":2,""BetNo"":""1100302"",""Odds"":""1.1""}],""LotteryId"":11,""UseLastOdds"":1}"
"{""BetItems"":[{""BetMoney"":2,""BetNo"":""1100301"",""Odds"":""1.1""}],""LotteryId"":11,""UseLastOdds"":1}"
"{""BetItems"":[{""BetMoney"":2,""BetNo"":""1100301"",""Odds"":""1.1""},{""BetMoney"":2,""BetNo"":""1100302"",""Odds"":""1.1""}],""LotteryId"":11,""UseLastOdds"":1}"
"{""BetItems"":[{""BetMoney"":2,""BetNo"":""1100301"",""Odds"":""1.1""}],""LotteryId"":11,""UseLastOdds"":1}"
"{""BetItems"":[{""BetMoney"":2,""BetNo"":""1100302"",""Odds"":""1.1""}],""LotteryId"":11,""UseLastOdds"":1}"
"{""BetItems"":[{""BetMoney"":2,""BetNo"":""1100302"",""Odds"":""1.1""}],""LotteryId"":11,""UseLastOdds"":1}"
"{""BetItems"":[{""BetMoney"":2,""BetNo"":""1100301"",""Odds"":""1.1""},{""BetMoney"":2,""BetNo"":""1100302"",""Odds"":""1.1""}],""LotteryId"":11,""UseLastOdds"":1}"
"{""BetItems"":[{""BetMoney"":2,""BetNo"":""1100301"",""Odds"":""1.1""},{""BetMoney"":2,""BetNo"":""1100302"",""Odds"":""1.1""}],""LotteryId"":11,""UseLastOdds"":1}"
"{""BetItems"":[{""BetMoney"":2,""BetNo"":""1100301"",""Odds"":""1.1""}],""LotteryId"":11,""UseLastOdds"":1}"
