"{""BetItems"":[{""BetMoney"":2,""BetNo"":""1101501"",""Odds"":""1.1""}],""LotteryId"":11,""UseLastOdds"":1}"
"{""BetItems"":[{""BetMoney"":2,""BetNo"":""1101501"",""Odds"":""1.1""}],""LotteryId"":11,""UseLastOdds"":1}"
"{""BetItems"":[{""BetMoney"":2,""BetNo"":""1101501"",""Odds"":""1.1""}],""LotteryId"":11,""UseLastOdds"":1}"
"{""BetItems"":[{""BetMoney"":2,""BetNo"":""1101501"",""Odds"":""1.1""}],""LotteryId"":11,""UseLastOdds"":1}"
"{""BetItems"":[{""BetMoney"":2,""BetNo"":""1101501"",""Odds"":""1.1""}],""LotteryId"":11,""UseLastOdds"":1}"
"{""BetItems"":[{""BetMoney"":2,""BetNo"":""1101501"",""Odds"":""1.1""}],""LotteryId"":11,""UseLastOdds"":1}"
"{""BetItems"":[{""BetMoney"":2,""BetNo"":""1101501"",""Odds"":""1.1""}],""LotteryId"":11,""UseLastOdds"":1}"
"{""BetItems"":[{""BetMoney"":2,""BetNo"":""1101501"",""Odds"":""1.1""}],""LotteryId"":11,""UseLastOdds"":1}"
"{""BetItems"":[{""BetMoney"":2,""BetNo"":""1101501"",""Odds"":""1.1""}],""LotteryId"":11,""UseLastOdds"":1}"
"{""BetItems"":[{""BetMoney"":2,""BetNo"":""1101501"",""Odds"":""1.1""}],""LotteryId"":11,""UseLastOdds"":1}"
"{""BetItems"":[{""BetMoney"":2,""BetNo"":""1101501"",""Odds"":""1.1""}],""LotteryId"":11,""UseLastOdds"":1}"
"{""BetItems"":[{""BetMoney"":2,""BetNo"":""1101501"",""Odds"":""1.1""}],""LotteryId"":11,""UseLastOdds"":1}"
"{""BetItems"":[{""BetMoney"":2,""BetNo"":""1101501"",""Odds"":""1.1""}],""LotteryId"":11,""UseLastOdds"":1}"
"{""BetItems"":[{""BetMoney"":2,""BetNo"":""1101501"",""Odds"":""1.1""}],""LotteryId"":11,""UseLastOdds"":1}"
"{""BetItems"":[{""BetMoney"":2,""BetNo"":""1101501"",""Odds"":""1.1""}],""LotteryId"":11,""UseLastOdds"":1}"
"{""BetItems"":[{""BetMoney"":2,""BetNo"":""1101501"",""Odds"":""1.1""}],""LotteryId"":11,""UseLastOdds"":1}"
"{""BetItems"":[{""BetMoney"":2,""BetNo"":""1101501"",""Odds"":""1.1""}],""LotteryId"":11,""UseLastOdds"":1}"
"{""BetItems"":[{""BetMoney"":2,""BetNo"":""1101501"",""Odds"":""1.1""}],""LotteryId"":11,""UseLastOdds"":1}"
"{""BetItems"":[{""BetMoney"":2,""BetNo"":""1101501"",""Odds"":""1.1""}],""LotteryId"":11,""UseLastOdds"":1}"
"{""BetItems"":[{""BetMoney"":2,""BetNo"":""1101501"",""Odds"":""1.1""}],""LotteryId"":11,""UseLastOdds"":1}"
"{""BetItems"":[{""BetMoney"":2,""BetNo"":""1101501"",""Odds"":""1.1""}],""LotteryId"":11,""UseLastOdds"":1}"
"{""BetItems"":[{""BetMoney"":2,""BetNo"":""1101501"",""Odds"":""1.1""}],""LotteryId"":11,""UseLastOdds"":1}"
"{""BetItems"":[{""BetMoney"":2,""BetNo"":""1101501"",""Odds"":""1.1""}],""LotteryId"":11,""UseLastOdds"":1}"
"{""BetItems"":[{""BetMoney"":2,""BetNo"":""1101501"",""Odds"":""1.1""}],""LotteryId"":11,""UseLastOdds"":1}"
"{""BetItems"":[{""BetMoney"":2,""BetNo"":""1101501"",""Odds"":""1.1""}],""LotteryId"":11,""UseLastOdds"":1}"
"{""BetItems"":[{""BetMoney"":2,""BetNo"":""1101501"",""Odds"":""1.1""}],""LotteryId"":11,""UseLastOdds"":1}"
"{""BetItems"":[{""BetMoney"":2,""BetNo"":""1101501"",""Odds"":""1.1""}],""LotteryId"":11,""UseLastOdds"":1}"
"{""BetItems"":[{""BetMoney"":2,""BetNo"":""1101501"",""Odds"":""1.1""}],""LotteryId"":11,""UseLastOdds"":1}"
"{""BetItems"":[{""BetMoney"":2,""BetNo"":""1101501"",""Odds"":""1.1""}],""LotteryId"":11,""UseLastOdds"":1}"
"{""BetItems"":[{""BetMoney"":2,""BetNo"":""1101501"",""Odds"":""1.1""}],""LotteryId"":11,""UseLastOdds"":1}"
"{""BetItems"":[{""BetMoney"":2,""BetNo"":""1101501"",""Odds"":""1.1""}],""LotteryId"":11,""UseLastOdds"":1}"
"{""BetItems"":[{""BetMoney"":2,""BetNo"":""1101501"",""Odds"":""1.1""}],""LotteryId"":11,""UseLastOdds"":1}"
"{""BetItems"":[{""BetMoney"":2,""BetNo"":""1101501"",""Odds"":""1.1""}],""LotteryId"":11,""UseLastOdds"":1}"
"{""BetItems"":[{""BetMoney"":2,""BetNo"":""1101501"",""Odds"":""1.1""}],""LotteryId"":11,""UseLastOdds"":1}"
"{""BetItems"":[{""BetMoney"":2,""BetNo"":""1101501"",""Odds"":""1.1""}],""LotteryId"":11,""UseLastOdds"":1}"
"{""BetItems"":[{""BetMoney"":2,""BetNo"":""1101501"",""Odds"":""1.1""}],""LotteryId"":11,""UseLastOdds"":1}"
"{""BetItems"":[{""BetMoney"":2,""BetNo"":""1101501"",""Odds"":""1.1""}],""LotteryId"":11,""UseLastOdds"":1}"
"{""BetItems"":[{""BetMoney"":2,""BetNo"":""1101501"",""Odds"":""1.1""}],""LotteryId"":11,""UseLastOdds"":1}"
"{""BetItems"":[{""BetMoney"":2,""BetNo"":""1101501"",""Odds"":""1.1""}],""LotteryId"":11,""UseLastOdds"":1}"
"{""BetItems"":[{""BetMoney"":2,""BetNo"":""1101501"",""Odds"":""1.1""}],""LotteryId"":11,""UseLastOdds"":1}"
"{""BetItems"":[{""BetMoney"":2,""BetNo"":""1101501"",""Odds"":""1.1""}],""LotteryId"":11,""UseLastOdds"":1}"
"{""BetItems"":[{""BetMoney"":2,""BetNo"":""1101501"",""Odds"":""1.1""}],""LotteryId"":11,""UseLastOdds"":1}"
"{""BetItems"":[{""BetMoney"":2,""BetNo"":""1101501"",""Odds"":""1.1""}],""LotteryId"":11,""UseLastOdds"":1}"
"{""BetItems"":[{""BetMoney"":2,""BetNo"":""1101501"",""Odds"":""1.1""}],""LotteryId"":11,""UseLastOdds"":1}"
"{""BetItems"":[{""BetMoney"":2,""BetNo"":""1101501"",""Odds"":""1.1""}],""LotteryId"":11,""UseLastOdds"":1}"
"{""BetItems"":[{""BetMoney"":2,""BetNo"":""1101501"",""Odds"":""1.1""}],""LotteryId"":11,""UseLastOdds"":1}"
"{""BetItems"":[{""BetMoney"":2,""BetNo"":""1101501"",""Odds"":""1.1""}],""LotteryId"":11,""UseLastOdds"":1}"
"{""BetItems"":[{""BetMoney"":2,""BetNo"":""1101501"",""Odds"":""1.1""}],""LotteryId"":11,""UseLastOdds"":1}"
"{""BetItems"":[{""BetMoney"":2,""BetNo"":""1101501"",""Odds"":""1.1""}],""LotteryId"":11,""UseLastOdds"":1}"
"{""BetItems"":[{""BetMoney"":2,""BetNo"":""1101501"",""Odds"":""1.1""}],""LotteryId"":11,""UseLastOdds"":1}"
"{""BetItems"":[{""BetMoney"":2,""BetNo"":""1101501"",""Odds"":""1.1""}],""LotteryId"":11,""UseLastOdds"":1}"
"{""BetItems"":[{""BetMoney"":2,""BetNo"":""1101501"",""Odds"":""1.1""}],""LotteryId"":11,""UseLastOdds"":1}"
"{""BetItems"":[{""BetMoney"":2,""BetNo"":""1101501"",""Odds"":""1.1""}],""LotteryId"":11,""UseLastOdds"":1}"
"{""BetItems"":[{""BetMoney"":2,""BetNo"":""1101501"",""Odds"":""1.1""}],""LotteryId"":11,""UseLastOdds"":1}"
"{""BetItems"":[{""BetMoney"":2,""BetNo"":""1101501"",""Odds"":""1.1""}],""LotteryId"":11,""UseLastOdds"":1}"
"{""BetItems"":[{""BetMoney"":2,""BetNo"":""1101501"",""Odds"":""1.1""}],""LotteryId"":11,""UseLastOdds"":1}"
"{""BetItems"":[{""BetMoney"":2,""BetNo"":""1101501"",""Odds"":""1.1""}],""LotteryId"":11,""UseLastOdds"":1}"
"{""BetItems"":[{""BetMoney"":2,""BetNo"":""1101501"",""Odds"":""1.1""}],""LotteryId"":11,""UseLastOdds"":1}"
"{""BetItems"":[{""BetMoney"":2,""BetNo"":""1101501"",""Odds"":""1.1""}],""LotteryId"":11,""UseLastOdds"":1}"
"{""BetItems"":[{""BetMoney"":2,""BetNo"":""1101501"",""Odds"":""1.1""}],""LotteryId"":11,""UseLastOdds"":1}"
"{""BetItems"":[{""BetMoney"":2,""BetNo"":""1101501"",""Odds"":""1.1""}],""LotteryId"":11,""UseLastOdds"":1}"
"{""BetItems"":[{""BetMoney"":2,""BetNo"":""1101501"",""Odds"":""1.1""}],""LotteryId"":11,""UseLastOdds"":1}"
"{""BetItems"":[{""BetMoney"":2,""BetNo"":""1101501"",""Odds"":""1.1""}],""LotteryId"":11,""UseLastOdds"":1}"
"{""BetItems"":[{""BetMoney"":2,""BetNo"":""1101501"",""Odds"":""1.1""}],""LotteryId"":11,""UseLastOdds"":1}"
"{""BetItems"":[{""BetMoney"":2,""BetNo"":""1101501"",""Odds"":""1.1""}],""LotteryId"":11,""UseLastOdds"":1}"
"{""BetItems"":[{""BetMoney"":2,""BetNo"":""1101501"",""Odds"":""1.1""}],""LotteryId"":11,""UseLastOdds"":1}"
"{""BetItems"":[{""BetMoney"":2,""BetNo"":""1101501"",""Odds"":""1.1""}],""LotteryId"":11,""UseLastOdds"":1}"
"{""BetItems"":[{""BetMoney"":2,""BetNo"":""1101501"",""Odds"":""1.1""}],""LotteryId"":11,""UseLastOdds"":1}"
"{""BetItems"":[{""BetMoney"":2,""BetNo"":""1101501"",""Odds"":""1.1""}],""LotteryId"":11,""UseLastOdds"":1}"
"{""BetItems"":[{""BetMoney"":2,""BetNo"":""1101501"",""Odds"":""1.1""}],""LotteryId"":11,""UseLastOdds"":1}"
"{""BetItems"":[{""BetMoney"":2,""BetNo"":""1101501"",""Odds"":""1.1""}],""LotteryId"":11,""UseLastOdds"":1}"
"{""BetItems"":[{""BetMoney"":2,""BetNo"":""1101501"",""Odds"":""1.1""}],""LotteryId"":11,""UseLastOdds"":1}"
"{""BetItems"":[{""BetMoney"":2,""BetNo"":""1101501"",""Odds"":""1.1""}],""LotteryId"":11,""UseLastOdds"":1}"
"{""BetItems"":[{""BetMoney"":2,""BetNo"":""1101501"",""Odds"":""1.1""}],""LotteryId"":11,""UseLastOdds"":1}"
"{""BetItems"":[{""BetMoney"":2,""BetNo"":""1101501"",""Odds"":""1.1""}],""LotteryId"":11,""UseLastOdds"":1}"
"{""BetItems"":[{""BetMoney"":2,""BetNo"":""1101501"",""Odds"":""1.1""}],""LotteryId"":11,""UseLastOdds"":1}"
"{""BetItems"":[{""BetMoney"":2,""BetNo"":""1101501"",""Odds"":""1.1""}],""LotteryId"":11,""UseLastOdds"":1}"
"{""BetItems"":[{""BetMoney"":2,""BetNo"":""1101501"",""Odds"":""1.1""}],""LotteryId"":11,""UseLastOdds"":1}"
"{""BetItems"":[{""BetMoney"":2,""BetNo"":""1101501"",""Odds"":""1.1""}],""LotteryId"":11,""UseLastOdds"":1}"
"{""BetItems"":[{""BetMoney"":2,""BetNo"":""1101501"",""Odds"":""1.1""}],""LotteryId"":11,""UseLastOdds"":1}"
"{""BetItems"":[{""BetMoney"":2,""BetNo"":""1101501"",""Odds"":""1.1""}],""LotteryId"":11,""UseLastOdds"":1}"
"{""BetItems"":[{""BetMoney"":2,""BetNo"":""1101501"",""Odds"":""1.1""}],""LotteryId"":11,""UseLastOdds"":1}"
"{""BetItems"":[{""BetMoney"":2,""BetNo"":""1101501"",""Odds"":""1.1""}],""LotteryId"":11,""UseLastOdds"":1}"
"{""BetItems"":[{""BetMoney"":2,""BetNo"":""1101501"",""Odds"":""1.1""}],""LotteryId"":11,""UseLastOdds"":1}"
"{""BetItems"":[{""BetMoney"":2,""BetNo"":""1101501"",""Odds"":""1.1""}],""LotteryId"":11,""UseLastOdds"":1}"
"{""BetItems"":[{""BetMoney"":2,""BetNo"":""1101501"",""Odds"":""1.1""}],""LotteryId"":11,""UseLastOdds"":1}"
"{""BetItems"":[{""BetMoney"":2,""BetNo"":""1101501"",""Odds"":""1.1""}],""LotteryId"":11,""UseLastOdds"":1}"
"{""BetItems"":[{""BetMoney"":2,""BetNo"":""1101501"",""Odds"":""1.1""}],""LotteryId"":11,""UseLastOdds"":1}"
"{""BetItems"":[{""BetMoney"":2,""BetNo"":""1101501"",""Odds"":""1.1""}],""LotteryId"":11,""UseLastOdds"":1}"
"{""BetItems"":[{""BetMoney"":2,""BetNo"":""1101501"",""Odds"":""1.1""}],""LotteryId"":11,""UseLastOdds"":1}"
"{""BetItems"":[{""BetMoney"":2,""BetNo"":""1101501"",""Odds"":""1.1""}],""LotteryId"":11,""UseLastOdds"":1}"
"{""BetItems"":[{""BetMoney"":2,""BetNo"":""1101501"",""Odds"":""1.1""}],""LotteryId"":11,""UseLastOdds"":1}"
"{""BetItems"":[{""BetMoney"":2,""BetNo"":""1101501"",""Odds"":""1.1""}],""LotteryId"":11,""UseLastOdds"":1}"
"{""BetItems"":[{""BetMoney"":2,""BetNo"":""1101501"",""Odds"":""1.1""}],""LotteryId"":11,""UseLastOdds"":1}"
"{""BetItems"":[{""BetMoney"":2,""BetNo"":""1101501"",""Odds"":""1.1""}],""LotteryId"":11,""UseLastOdds"":1}"
"{""BetItems"":[{""BetMoney"":2,""BetNo"":""1101501"",""Odds"":""1.1""}],""LotteryId"":11,""UseLastOdds"":1}"
"{""BetItems"":[{""BetMoney"":2,""BetNo"":""1101501"",""Odds"":""1.1""}],""LotteryId"":11,""UseLastOdds"":1}"
"{""BetItems"":[{""BetMoney"":2,""BetNo"":""1101501"",""Odds"":""1.1""}],""LotteryId"":11,""UseLastOdds"":1}"
"{""BetItems"":[{""BetMoney"":2,""BetNo"":""1101501"",""Odds"":""1.1""}],""LotteryId"":11,""UseLastOdds"":1}"
"{""BetItems"":[{""BetMoney"":2,""BetNo"":""1101501"",""Odds"":""1.1""}],""LotteryId"":11,""UseLastOdds"":1}"
"{""BetItems"":[{""BetMoney"":2,""BetNo"":""1101501"",""Odds"":""1.1""}],""LotteryId"":11,""UseLastOdds"":1}"
"{""BetItems"":[{""BetMoney"":2,""BetNo"":""1101501"",""Odds"":""1.1""}],""LotteryId"":11,""UseLastOdds"":1}"
"{""BetItems"":[{""BetMoney"":2,""BetNo"":""1101501"",""Odds"":""1.1""}],""LotteryId"":11,""UseLastOdds"":1}"
"{""BetItems"":[{""BetMoney"":2,""BetNo"":""1101501"",""Odds"":""1.1""}],""LotteryId"":11,""UseLastOdds"":1}"
"{""BetItems"":[{""BetMoney"":2,""BetNo"":""1101501"",""Odds"":""1.1""}],""LotteryId"":11,""UseLastOdds"":1}"
"{""BetItems"":[{""BetMoney"":2,""BetNo"":""1101501"",""Odds"":""1.1""}],""LotteryId"":11,""UseLastOdds"":1}"
"{""BetItems"":[{""BetMoney"":2,""BetNo"":""1101501"",""Odds"":""1.1""}],""LotteryId"":11,""UseLastOdds"":1}"
"{""BetItems"":[{""BetMoney"":2,""BetNo"":""1101501"",""Odds"":""1.1""}],""LotteryId"":11,""UseLastOdds"":1}"
"{""BetItems"":[{""BetMoney"":2,""BetNo"":""1101501"",""Odds"":""1.1""}],""LotteryId"":11,""UseLastOdds"":1}"
"{""BetItems"":[{""BetMoney"":2,""BetNo"":""1101501"",""Odds"":""1.1""}],""LotteryId"":11,""UseLastOdds"":1}"
"{""BetItems"":[{""BetMoney"":2,""BetNo"":""1101501"",""Odds"":""1.1""}],""LotteryId"":11,""UseLastOdds"":1}"
"{""BetItems"":[{""BetMoney"":2,""BetNo"":""1101501"",""Odds"":""1.1""}],""LotteryId"":11,""UseLastOdds"":1}"
"{""BetItems"":[{""BetMoney"":2,""BetNo"":""1101501"",""Odds"":""1.1""}],""LotteryId"":11,""UseLastOdds"":1}"
"{""BetItems"":[{""BetMoney"":2,""BetNo"":""1101501"",""Odds"":""1.1""}],""LotteryId"":11,""UseLastOdds"":1}"
"{""BetItems"":[{""BetMoney"":2,""BetNo"":""1101501"",""Odds"":""1.1""}],""LotteryId"":11,""UseLastOdds"":1}"
"{""BetItems"":[{""BetMoney"":2,""BetNo"":""1101501"",""Odds"":""1.1""}],""LotteryId"":11,""UseLastOdds"":1}"
"{""BetItems"":[{""BetMoney"":2,""BetNo"":""1101501"",""Odds"":""1.1""}],""LotteryId"":11,""UseLastOdds"":1}"
"{""BetItems"":[{""BetMoney"":2,""BetNo"":""1101501"",""Odds"":""1.1""}],""LotteryId"":11,""UseLastOdds"":1}"
"{""BetItems"":[{""BetMoney"":2,""BetNo"":""1101501"",""Odds"":""1.1""}],""LotteryId"":11,""UseLastOdds"":1}"
"{""BetItems"":[{""BetMoney"":2,""BetNo"":""1101501"",""Odds"":""1.1""}],""LotteryId"":11,""UseLastOdds"":1}"
"{""BetItems"":[{""BetMoney"":2,""BetNo"":""1101501"",""Odds"":""1.1""}],""LotteryId"":11,""UseLastOdds"":1}"
"{""BetItems"":[{""BetMoney"":2,""BetNo"":""1101501"",""Odds"":""1.1""}],""LotteryId"":11,""UseLastOdds"":1}"
"{""BetItems"":[{""BetMoney"":2,""BetNo"":""1101501"",""Odds"":""1.1""}],""LotteryId"":11,""UseLastOdds"":1}"
"{""BetItems"":[{""BetMoney"":2,""BetNo"":""1101501"",""Odds"":""1.1""}],""LotteryId"":11,""UseLastOdds"":1}"
"{""BetItems"":[{""BetMoney"":2,""BetNo"":""1101501"",""Odds"":""1.1""}],""LotteryId"":11,""UseLastOdds"":1}"
"{""BetItems"":[{""BetMoney"":2,""BetNo"":""1101501"",""Odds"":""1.1""}],""LotteryId"":11,""UseLastOdds"":1}"
"{""BetItems"":[{""BetMoney"":2,""BetNo"":""1101501"",""Odds"":""1.1""}],""LotteryId"":11,""UseLastOdds"":1}"
"{""BetItems"":[{""BetMoney"":2,""BetNo"":""1101501"",""Odds"":""1.1""}],""LotteryId"":11,""UseLastOdds"":1}"
"{""BetItems"":[{""BetMoney"":2,""BetNo"":""1101501"",""Odds"":""1.1""}],""LotteryId"":11,""UseLastOdds"":1}"
"{""BetItems"":[{""BetMoney"":2,""BetNo"":""1101501"",""Odds"":""1.1""}],""LotteryId"":11,""UseLastOdds"":1}"
"{""BetItems"":[{""BetMoney"":2,""BetNo"":""1101501"",""Odds"":""1.1""}],""LotteryId"":11,""UseLastOdds"":1}"
"{""BetItems"":[{""BetMoney"":2,""BetNo"":""1101501"",""Odds"":""1.1""}],""LotteryId"":11,""UseLastOdds"":1}"
"{""BetItems"":[{""BetMoney"":2,""BetNo"":""1101501"",""Odds"":""1.1""}],""LotteryId"":11,""UseLastOdds"":1}"
"{""BetItems"":[{""BetMoney"":2,""BetNo"":""1101501"",""Odds"":""1.1""}],""LotteryId"":11,""UseLastOdds"":1}"
"{""BetItems"":[{""BetMoney"":2,""BetNo"":""1101501"",""Odds"":""1.1""}],""LotteryId"":11,""UseLastOdds"":1}"
"{""BetItems"":[{""BetMoney"":2,""BetNo"":""1101501"",""Odds"":""1.1""}],""LotteryId"":11,""UseLastOdds"":1}"
"{""BetItems"":[{""BetMoney"":2,""BetNo"":""1101501"",""Odds"":""1.1""}],""LotteryId"":11,""UseLastOdds"":1}"
"{""BetItems"":[{""BetMoney"":2,""BetNo"":""1101501"",""Odds"":""1.1""}],""LotteryId"":11,""UseLastOdds"":1}"
"{""BetItems"":[{""BetMoney"":2,""BetNo"":""1101501"",""Odds"":""1.1""}],""LotteryId"":11,""UseLastOdds"":1}"
"{""BetItems"":[{""BetMoney"":2,""BetNo"":""1101501"",""Odds"":""1.1""}],""LotteryId"":11,""UseLastOdds"":1}"
"{""BetItems"":[{""BetMoney"":2,""BetNo"":""1101501"",""Odds"":""1.1""}],""LotteryId"":11,""UseLastOdds"":1}"
"{""BetItems"":[{""BetMoney"":2,""BetNo"":""1101501"",""Odds"":""1.1""}],""LotteryId"":11,""UseLastOdds"":1}"
"{""BetItems"":[{""BetMoney"":2,""BetNo"":""1101501"",""Odds"":""1.1""}],""LotteryId"":11,""UseLastOdds"":1}"
"{""BetItems"":[{""BetMoney"":2,""BetNo"":""1101501"",""Odds"":""1.1""}],""LotteryId"":11,""UseLastOdds"":1}"
"{""BetItems"":[{""BetMoney"":2,""BetNo"":""1101501"",""Odds"":""1.1""}],""LotteryId"":11,""UseLastOdds"":1}"
"{""BetItems"":[{""BetMoney"":2,""BetNo"":""1101501"",""Odds"":""1.1""}],""LotteryId"":11,""UseLastOdds"":1}"
"{""BetItems"":[{""BetMoney"":2,""BetNo"":""1101501"",""Odds"":""1.1""}],""LotteryId"":11,""UseLastOdds"":1}"
"{""BetItems"":[{""BetMoney"":2,""BetNo"":""1101501"",""Odds"":""1.1""}],""LotteryId"":11,""UseLastOdds"":1}"
"{""BetItems"":[{""BetMoney"":2,""BetNo"":""1101501"",""Odds"":""1.1""}],""LotteryId"":11,""UseLastOdds"":1}"
"{""BetItems"":[{""BetMoney"":2,""BetNo"":""1101501"",""Odds"":""1.1""}],""LotteryId"":11,""UseLastOdds"":1}"
"{""BetItems"":[{""BetMoney"":2,""BetNo"":""1101501"",""Odds"":""1.1""}],""LotteryId"":11,""UseLastOdds"":1}"
"{""BetItems"":[{""BetMoney"":2,""BetNo"":""1101501"",""Odds"":""1.1""}],""LotteryId"":11,""UseLastOdds"":1}"
"{""BetItems"":[{""BetMoney"":2,""BetNo"":""1101501"",""Odds"":""1.1""}],""LotteryId"":11,""UseLastOdds"":1}"
"{""BetItems"":[{""BetMoney"":2,""BetNo"":""1101501"",""Odds"":""1.1""}],""LotteryId"":11,""UseLastOdds"":1}"
"{""BetItems"":[{""BetMoney"":2,""BetNo"":""1101501"",""Odds"":""1.1""}],""LotteryId"":11,""UseLastOdds"":1}"
"{""BetItems"":[{""BetMoney"":2,""BetNo"":""1101501"",""Odds"":""1.1""}],""LotteryId"":11,""UseLastOdds"":1}"
"{""BetItems"":[{""BetMoney"":2,""BetNo"":""1101501"",""Odds"":""1.1""}],""LotteryId"":11,""UseLastOdds"":1}"
"{""BetItems"":[{""BetMoney"":2,""BetNo"":""1101501"",""Odds"":""1.1""}],""LotteryId"":11,""UseLastOdds"":1}"
"{""BetItems"":[{""BetMoney"":2,""BetNo"":""1101501"",""Odds"":""1.1""}],""LotteryId"":11,""UseLastOdds"":1}"
"{""BetItems"":[{""BetMoney"":2,""BetNo"":""1101501"",""Odds"":""1.1""}],""LotteryId"":11,""UseLastOdds"":1}"
"{""BetItems"":[{""BetMoney"":2,""BetNo"":""1101501"",""Odds"":""1.1""}],""LotteryId"":11,""UseLastOdds"":1}"
"{""BetItems"":[{""BetMoney"":2,""BetNo"":""1101501"",""Odds"":""1.1""}],""LotteryId"":11,""UseLastOdds"":1}"
"{""BetItems"":[{""BetMoney"":2,""BetNo"":""1101501"",""Odds"":""1.1""}],""LotteryId"":11,""UseLastOdds"":1}"
"{""BetItems"":[{""BetMoney"":2,""BetNo"":""1101501"",""Odds"":""1.1""}],""LotteryId"":11,""UseLastOdds"":1}"
"{""BetItems"":[{""BetMoney"":2,""BetNo"":""1101501"",""Odds"":""1.1""}],""LotteryId"":11,""UseLastOdds"":1}"
"{""BetItems"":[{""BetMoney"":2,""BetNo"":""1101501"",""Odds"":""1.1""}],""LotteryId"":11,""UseLastOdds"":1}"
"{""BetItems"":[{""BetMoney"":2,""BetNo"":""1101501"",""Odds"":""1.1""}],""LotteryId"":11,""UseLastOdds"":1}"
"{""BetItems"":[{""BetMoney"":2,""BetNo"":""1101501"",""Odds"":""1.1""}],""LotteryId"":11,""UseLastOdds"":1}"
"{""BetItems"":[{""BetMoney"":2,""BetNo"":""1101501"",""Odds"":""1.1""}],""LotteryId"":11,""UseLastOdds"":1}"
"{""BetItems"":[{""BetMoney"":2,""BetNo"":""1101501"",""Odds"":""1.1""}],""LotteryId"":11,""UseLastOdds"":1}"
"{""BetItems"":[{""BetMoney"":2,""BetNo"":""1101501"",""Odds"":""1.1""}],""LotteryId"":11,""UseLastOdds"":1}"
"{""BetItems"":[{""BetMoney"":2,""BetNo"":""1101501"",""Odds"":""1.1""}],""LotteryId"":11,""UseLastOdds"":1}"
"{""BetItems"":[{""BetMoney"":2,""BetNo"":""1101501"",""Odds"":""1.1""}],""LotteryId"":11,""UseLastOdds"":1}"
"{""BetItems"":[{""BetMoney"":2,""BetNo"":""1101501"",""Odds"":""1.1""}],""LotteryId"":11,""UseLastOdds"":1}"
"{""BetItems"":[{""BetMoney"":2,""BetNo"":""1101501"",""Odds"":""1.1""}],""LotteryId"":11,""UseLastOdds"":1}"
"{""BetItems"":[{""BetMoney"":2,""BetNo"":""1101501"",""Odds"":""1.1""}],""LotteryId"":11,""UseLastOdds"":1}"
"{""BetItems"":[{""BetMoney"":2,""BetNo"":""1101501"",""Odds"":""1.1""}],""LotteryId"":11,""UseLastOdds"":1}"
"{""BetItems"":[{""BetMoney"":2,""BetNo"":""1101501"",""Odds"":""1.1""}],""LotteryId"":11,""UseLastOdds"":1}"
"{""BetItems"":[{""BetMoney"":2,""BetNo"":""1101501"",""Odds"":""1.1""}],""LotteryId"":11,""UseLastOdds"":1}"
"{""BetItems"":[{""BetMoney"":2,""BetNo"":""1101501"",""Odds"":""1.1""}],""LotteryId"":11,""UseLastOdds"":1}"
"{""BetItems"":[{""BetMoney"":2,""BetNo"":""1101501"",""Odds"":""1.1""}],""LotteryId"":11,""UseLastOdds"":1}"
"{""BetItems"":[{""BetMoney"":2,""BetNo"":""1101501"",""Odds"":""1.1""}],""LotteryId"":11,""UseLastOdds"":1}"
"{""BetItems"":[{""BetMoney"":2,""BetNo"":""1101501"",""Odds"":""1.1""}],""LotteryId"":11,""UseLastOdds"":1}"
"{""BetItems"":[{""BetMoney"":2,""BetNo"":""1101501"",""Odds"":""1.1""}],""LotteryId"":11,""UseLastOdds"":1}"
"{""BetItems"":[{""BetMoney"":2,""BetNo"":""1101501"",""Odds"":""1.1""}],""LotteryId"":11,""UseLastOdds"":1}"
"{""BetItems"":[{""BetMoney"":2,""BetNo"":""1101501"",""Odds"":""1.1""}],""LotteryId"":11,""UseLastOdds"":1}"
"{""BetItems"":[{""BetMoney"":2,""BetNo"":""1101501"",""Odds"":""1.1""}],""LotteryId"":11,""UseLastOdds"":1}"
"{""BetItems"":[{""BetMoney"":2,""BetNo"":""1101501"",""Odds"":""1.1""}],""LotteryId"":11,""UseLastOdds"":1}"
"{""BetItems"":[{""BetMoney"":2,""BetNo"":""1101501"",""Odds"":""1.1""}],""LotteryId"":11,""UseLastOdds"":1}"
"{""BetItems"":[{""BetMoney"":2,""BetNo"":""1101501"",""Odds"":""1.1""}],""LotteryId"":11,""UseLastOdds"":1}"
"{""BetItems"":[{""BetMoney"":2,""BetNo"":""1101501"",""Odds"":""1.1""}],""LotteryId"":11,""UseLastOdds"":1}"
"{""BetItems"":[{""BetMoney"":2,""BetNo"":""1101501"",""Odds"":""1.1""}],""LotteryId"":11,""UseLastOdds"":1}"
"{""BetItems"":[{""BetMoney"":2,""BetNo"":""1101501"",""Odds"":""1.1""}],""LotteryId"":11,""UseLastOdds"":1}"
"{""BetItems"":[{""BetMoney"":2,""BetNo"":""1101501"",""Odds"":""1.1""}],""LotteryId"":11,""UseLastOdds"":1}"
"{""BetItems"":[{""BetMoney"":2,""BetNo"":""1101501"",""Odds"":""1.1""}],""LotteryId"":11,""UseLastOdds"":1}"
"{""BetItems"":[{""BetMoney"":2,""BetNo"":""1101501"",""Odds"":""1.1""}],""LotteryId"":11,""UseLastOdds"":1}"
"{""BetItems"":[{""BetMoney"":2,""BetNo"":""1101501"",""Odds"":""1.1""}],""LotteryId"":11,""UseLastOdds"":1}"
"{""BetItems"":[{""BetMoney"":2,""BetNo"":""1101501"",""Odds"":""1.1""}],""LotteryId"":11,""UseLastOdds"":1}"
"{""BetItems"":[{""BetMoney"":2,""BetNo"":""1101501"",""Odds"":""1.1""}],""LotteryId"":11,""UseLastOdds"":1}"
"{""BetItems"":[{""BetMoney"":2,""BetNo"":""1101501"",""Odds"":""1.1""}],""LotteryId"":11,""UseLastOdds"":1}"
"{""BetItems"":[{""BetMoney"":2,""BetNo"":""1101501"",""Odds"":""1.1""}],""LotteryId"":11,""UseLastOdds"":1}"
"{""BetItems"":[{""BetMoney"":2,""BetNo"":""1101501"",""Odds"":""1.1""}],""LotteryId"":11,""UseLastOdds"":1}"
"{""BetItems"":[{""BetMoney"":2,""BetNo"":""1101501"",""Odds"":""1.1""}],""LotteryId"":11,""UseLastOdds"":1}"
"{""BetItems"":[{""BetMoney"":2,""BetNo"":""1101501"",""Odds"":""1.1""}],""LotteryId"":11,""UseLastOdds"":1}"
"{""BetItems"":[{""BetMoney"":2,""BetNo"":""1101501"",""Odds"":""1.1""}],""LotteryId"":11,""UseLastOdds"":1}"
"{""BetItems"":[{""BetMoney"":2,""BetNo"":""1101501"",""Odds"":""1.1""}],""LotteryId"":11,""UseLastOdds"":1}"
"{""BetItems"":[{""BetMoney"":2,""BetNo"":""1101501"",""Odds"":""1.1""}],""LotteryId"":11,""UseLastOdds"":1}"
"{""BetItems"":[{""BetMoney"":2,""BetNo"":""1101501"",""Odds"":""1.1""}],""LotteryId"":11,""UseLastOdds"":1}"
"{""BetItems"":[{""BetMoney"":2,""BetNo"":""1101501"",""Odds"":""1.1""}],""LotteryId"":11,""UseLastOdds"":1}"
"{""BetItems"":[{""BetMoney"":2,""BetNo"":""1101501"",""Odds"":""1.1""}],""LotteryId"":11,""UseLastOdds"":1}"
"{""BetItems"":[{""BetMoney"":2,""BetNo"":""1101501"",""Odds"":""1.1""}],""LotteryId"":11,""UseLastOdds"":1}"
"{""BetItems"":[{""BetMoney"":2,""BetNo"":""1101501"",""Odds"":""1.1""}],""LotteryId"":11,""UseLastOdds"":1}"
"{""BetItems"":[{""BetMoney"":2,""BetNo"":""1101501"",""Odds"":""1.1""}],""LotteryId"":11,""UseLastOdds"":1}"
"{""BetItems"":[{""BetMoney"":2,""BetNo"":""1101501"",""Odds"":""1.1""}],""LotteryId"":11,""UseLastOdds"":1}"
"{""BetItems"":[{""BetMoney"":2,""BetNo"":""1101501"",""Odds"":""1.1""}],""LotteryId"":11,""UseLastOdds"":1}"
"{""BetItems"":[{""BetMoney"":2,""BetNo"":""1101501"",""Odds"":""1.1""}],""LotteryId"":11,""UseLastOdds"":1}"
"{""BetItems"":[{""BetMoney"":2,""BetNo"":""1101501"",""Odds"":""1.1""}],""LotteryId"":11,""UseLastOdds"":1}"
"{""BetItems"":[{""BetMoney"":2,""BetNo"":""1101501"",""Odds"":""1.1""}],""LotteryId"":11,""UseLastOdds"":1}"
"{""BetItems"":[{""BetMoney"":2,""BetNo"":""1101501"",""Odds"":""1.1""}],""LotteryId"":11,""UseLastOdds"":1}"
"{""BetItems"":[{""BetMoney"":2,""BetNo"":""1101501"",""Odds"":""1.1""}],""LotteryId"":11,""UseLastOdds"":1}"
"{""BetItems"":[{""BetMoney"":2,""BetNo"":""1101501"",""Odds"":""1.1""}],""LotteryId"":11,""UseLastOdds"":1}"
"{""BetItems"":[{""BetMoney"":2,""BetNo"":""1101501"",""Odds"":""1.1""}],""LotteryId"":11,""UseLastOdds"":1}"
"{""BetItems"":[{""BetMoney"":2,""BetNo"":""1101501"",""Odds"":""1.1""}],""LotteryId"":11,""UseLastOdds"":1}"
"{""BetItems"":[{""BetMoney"":2,""BetNo"":""1101501"",""Odds"":""1.1""}],""LotteryId"":11,""UseLastOdds"":1}"
"{""BetItems"":[{""BetMoney"":2,""BetNo"":""1101501"",""Odds"":""1.1""}],""LotteryId"":11,""UseLastOdds"":1}"
"{""BetItems"":[{""BetMoney"":2,""BetNo"":""1101501"",""Odds"":""1.1""}],""LotteryId"":11,""UseLastOdds"":1}"
"{""BetItems"":[{""BetMoney"":2,""BetNo"":""1101501"",""Odds"":""1.1""}],""LotteryId"":11,""UseLastOdds"":1}"
"{""BetItems"":[{""BetMoney"":2,""BetNo"":""1101501"",""Odds"":""1.1""}],""LotteryId"":11,""UseLastOdds"":1}"
"{""BetItems"":[{""BetMoney"":2,""BetNo"":""1101501"",""Odds"":""1.1""}],""LotteryId"":11,""UseLastOdds"":1}"
"{""BetItems"":[{""BetMoney"":2,""BetNo"":""1101501"",""Odds"":""1.1""}],""LotteryId"":11,""UseLastOdds"":1}"
"{""BetItems"":[{""BetMoney"":2,""BetNo"":""1101501"",""Odds"":""1.1""}],""LotteryId"":11,""UseLastOdds"":1}"
"{""BetItems"":[{""BetMoney"":2,""BetNo"":""1101501"",""Odds"":""1.1""}],""LotteryId"":11,""UseLastOdds"":1}"
"{""BetItems"":[{""BetMoney"":2,""BetNo"":""1101501"",""Odds"":""1.1""}],""LotteryId"":11,""UseLastOdds"":1}"
"{""BetItems"":[{""BetMoney"":2,""BetNo"":""1101501"",""Odds"":""1.1""}],""LotteryId"":11,""UseLastOdds"":1}"
"{""BetItems"":[{""BetMoney"":2,""BetNo"":""1101501"",""Odds"":""1.1""}],""LotteryId"":11,""UseLastOdds"":1}"
"{""BetItems"":[{""BetMoney"":2,""BetNo"":""1101501"",""Odds"":""1.1""}],""LotteryId"":11,""UseLastOdds"":1}"
"{""BetItems"":[{""BetMoney"":2,""BetNo"":""1101501"",""Odds"":""1.1""}],""LotteryId"":11,""UseLastOdds"":1}"
"{""BetItems"":[{""BetMoney"":2,""BetNo"":""1101501"",""Odds"":""1.1""}],""LotteryId"":11,""UseLastOdds"":1}"
"{""BetItems"":[{""BetMoney"":2,""BetNo"":""1101501"",""Odds"":""1.1""}],""LotteryId"":11,""UseLastOdds"":1}"
"{""BetItems"":[{""BetMoney"":2,""BetNo"":""1101501"",""Odds"":""1.1""}],""LotteryId"":11,""UseLastOdds"":1}"
"{""BetItems"":[{""BetMoney"":2,""BetNo"":""1101501"",""Odds"":""1.1""}],""LotteryId"":11,""UseLastOdds"":1}"
"{""BetItems"":[{""BetMoney"":2,""BetNo"":""1101501"",""Odds"":""1.1""}],""LotteryId"":11,""UseLastOdds"":1}"
"{""BetItems"":[{""BetMoney"":2,""BetNo"":""1101501"",""Odds"":""1.1""}],""LotteryId"":11,""UseLastOdds"":1}"
"{""BetItems"":[{""BetMoney"":2,""BetNo"":""1101501"",""Odds"":""1.1""}],""LotteryId"":11,""UseLastOdds"":1}"
"{""BetItems"":[{""BetMoney"":2,""BetNo"":""1101501"",""Odds"":""1.1""}],""LotteryId"":11,""UseLastOdds"":1}"
"{""BetItems"":[{""BetMoney"":2,""BetNo"":""1101501"",""Odds"":""1.1""}],""LotteryId"":11,""UseLastOdds"":1}"
"{""BetItems"":[{""BetMoney"":2,""BetNo"":""1101501"",""Odds"":""1.1""}],""LotteryId"":11,""UseLastOdds"":1}"
"{""BetItems"":[{""BetMoney"":2,""BetNo"":""1101501"",""Odds"":""1.1""}],""LotteryId"":11,""UseLastOdds"":1}"
"{""BetItems"":[{""BetMoney"":2,""BetNo"":""1101501"",""Odds"":""1.1""}],""LotteryId"":11,""UseLastOdds"":1}"
"{""BetItems"":[{""BetMoney"":2,""BetNo"":""1101501"",""Odds"":""1.1""}],""LotteryId"":11,""UseLastOdds"":1}"
"{""BetItems"":[{""BetMoney"":2,""BetNo"":""1101501"",""Odds"":""1.1""}],""LotteryId"":11,""UseLastOdds"":1}"
"{""BetItems"":[{""BetMoney"":2,""BetNo"":""1101501"",""Odds"":""1.1""}],""LotteryId"":11,""UseLastOdds"":1}"
"{""BetItems"":[{""BetMoney"":2,""BetNo"":""1101501"",""Odds"":""1.1""}],""LotteryId"":11,""UseLastOdds"":1}"
"{""BetItems"":[{""BetMoney"":2,""BetNo"":""1101501"",""Odds"":""1.1""}],""LotteryId"":11,""UseLastOdds"":1}"
"{""BetItems"":[{""BetMoney"":2,""BetNo"":""1101501"",""Odds"":""1.1""}],""LotteryId"":11,""UseLastOdds"":1}"
"{""BetItems"":[{""BetMoney"":2,""BetNo"":""1101501"",""Odds"":""1.1""}],""LotteryId"":11,""UseLastOdds"":1}"
"{""BetItems"":[{""BetMoney"":2,""BetNo"":""1101501"",""Odds"":""1.1""}],""LotteryId"":11,""UseLastOdds"":1}"
"{""BetItems"":[{""BetMoney"":2,""BetNo"":""1101501"",""Odds"":""1.1""}],""LotteryId"":11,""UseLastOdds"":1}"
"{""BetItems"":[{""BetMoney"":2,""BetNo"":""1101501"",""Odds"":""1.1""}],""LotteryId"":11,""UseLastOdds"":1}"
"{""BetItems"":[{""BetMoney"":2,""BetNo"":""1101501"",""Odds"":""1.1""}],""LotteryId"":11,""UseLastOdds"":1}"
"{""BetItems"":[{""BetMoney"":2,""BetNo"":""1101501"",""Odds"":""1.1""}],""LotteryId"":11,""UseLastOdds"":1}"
"{""BetItems"":[{""BetMoney"":2,""BetNo"":""1101501"",""Odds"":""1.1""}],""LotteryId"":11,""UseLastOdds"":1}"
"{""BetItems"":[{""BetMoney"":2,""BetNo"":""1101501"",""Odds"":""1.1""}],""LotteryId"":11,""UseLastOdds"":1}"
"{""BetItems"":[{""BetMoney"":2,""BetNo"":""1101501"",""Odds"":""1.1""}],""LotteryId"":11,""UseLastOdds"":1}"
"{""BetItems"":[{""BetMoney"":2,""BetNo"":""1101501"",""Odds"":""1.1""}],""LotteryId"":11,""UseLastOdds"":1}"
"{""BetItems"":[{""BetMoney"":2,""BetNo"":""1101501"",""Odds"":""1.1""}],""LotteryId"":11,""UseLastOdds"":1}"
"{""BetItems"":[{""BetMoney"":2,""BetNo"":""1101501"",""Odds"":""1.1""}],""LotteryId"":11,""UseLastOdds"":1}"
"{""BetItems"":[{""BetMoney"":2,""BetNo"":""1101501"",""Odds"":""1.1""}],""LotteryId"":11,""UseLastOdds"":1}"
"{""BetItems"":[{""BetMoney"":2,""BetNo"":""1101501"",""Odds"":""1.1""}],""LotteryId"":11,""UseLastOdds"":1}"
"{""BetItems"":[{""BetMoney"":2,""BetNo"":""1101501"",""Odds"":""1.1""}],""LotteryId"":11,""UseLastOdds"":1}"
"{""BetItems"":[{""BetMoney"":2,""BetNo"":""1101501"",""Odds"":""1.1""}],""LotteryId"":11,""UseLastOdds"":1}"
"{""BetItems"":[{""BetMoney"":2,""BetNo"":""1101501"",""Odds"":""1.1""}],""LotteryId"":11,""UseLastOdds"":1}"
"{""BetItems"":[{""BetMoney"":2,""BetNo"":""1101501"",""Odds"":""1.1""}],""LotteryId"":11,""UseLastOdds"":1}"
"{""BetItems"":[{""BetMoney"":2,""BetNo"":""1101501"",""Odds"":""1.1""}],""LotteryId"":11,""UseLastOdds"":1}"
"{""BetItems"":[{""BetMoney"":2,""BetNo"":""1101501"",""Odds"":""1.1""}],""LotteryId"":11,""UseLastOdds"":1}"
"{""BetItems"":[{""BetMoney"":2,""BetNo"":""1101501"",""Odds"":""1.1""}],""LotteryId"":11,""UseLastOdds"":1}"
"{""BetItems"":[{""BetMoney"":2,""BetNo"":""1101501"",""Odds"":""1.1""}],""LotteryId"":11,""UseLastOdds"":1}"
"{""BetItems"":[{""BetMoney"":2,""BetNo"":""1101501"",""Odds"":""1.1""}],""LotteryId"":11,""UseLastOdds"":1}"
"{""BetItems"":[{""BetMoney"":2,""BetNo"":""1101501"",""Odds"":""1.1""}],""LotteryId"":11,""UseLastOdds"":1}"
"{""BetItems"":[{""BetMoney"":2,""BetNo"":""1101501"",""Odds"":""1.1""}],""LotteryId"":11,""UseLastOdds"":1}"
"{""BetItems"":[{""BetMoney"":2,""BetNo"":""1101501"",""Odds"":""1.1""}],""LotteryId"":11,""UseLastOdds"":1}"
"{""BetItems"":[{""BetMoney"":2,""BetNo"":""1101501"",""Odds"":""1.1""}],""LotteryId"":11,""UseLastOdds"":1}"
"{""BetItems"":[{""BetMoney"":2,""BetNo"":""1101501"",""Odds"":""1.1""}],""LotteryId"":11,""UseLastOdds"":1}"
"{""BetItems"":[{""BetMoney"":2,""BetNo"":""1101501"",""Odds"":""1.1""}],""LotteryId"":11,""UseLastOdds"":1}"
"{""BetItems"":[{""BetMoney"":2,""BetNo"":""1101501"",""Odds"":""1.1""}],""LotteryId"":11,""UseLastOdds"":1}"
"{""BetItems"":[{""BetMoney"":2,""BetNo"":""1101501"",""Odds"":""1.1""}],""LotteryId"":11,""UseLastOdds"":1}"
"{""BetItems"":[{""BetMoney"":2,""BetNo"":""1101501"",""Odds"":""1.1""}],""LotteryId"":11,""UseLastOdds"":1}"
"{""BetItems"":[{""BetMoney"":2,""BetNo"":""1101501"",""Odds"":""1.1""}],""LotteryId"":11,""UseLastOdds"":1}"
"{""BetItems"":[{""BetMoney"":2,""BetNo"":""1101501"",""Odds"":""1.1""}],""LotteryId"":11,""UseLastOdds"":1}"
"{""BetItems"":[{""BetMoney"":2,""BetNo"":""1101501"",""Odds"":""1.1""}],""LotteryId"":11,""UseLastOdds"":1}"
"{""BetItems"":[{""BetMoney"":2,""BetNo"":""1101501"",""Odds"":""1.1""}],""LotteryId"":11,""UseLastOdds"":1}"
"{""BetItems"":[{""BetMoney"":2,""BetNo"":""1101501"",""Odds"":""1.1""}],""LotteryId"":11,""UseLastOdds"":1}"
"{""BetItems"":[{""BetMoney"":2,""BetNo"":""1101501"",""Odds"":""1.1""}],""LotteryId"":11,""UseLastOdds"":1}"
"{""BetItems"":[{""BetMoney"":2,""BetNo"":""1101501"",""Odds"":""1.1""}],""LotteryId"":11,""UseLastOdds"":1}"
"{""BetItems"":[{""BetMoney"":2,""BetNo"":""1101501"",""Odds"":""1.1""}],""LotteryId"":11,""UseLastOdds"":1}"
"{""BetItems"":[{""BetMoney"":2,""BetNo"":""1101501"",""Odds"":""1.1""}],""LotteryId"":11,""UseLastOdds"":1}"
"{""BetItems"":[{""BetMoney"":2,""BetNo"":""1101501"",""Odds"":""1.1""}],""LotteryId"":11,""UseLastOdds"":1}"
"{""BetItems"":[{""BetMoney"":2,""BetNo"":""1101501"",""Odds"":""1.1""}],""LotteryId"":11,""UseLastOdds"":1}"
"{""BetItems"":[{""BetMoney"":2,""BetNo"":""1101501"",""Odds"":""1.1""}],""LotteryId"":11,""UseLastOdds"":1}"
"{""BetItems"":[{""BetMoney"":2,""BetNo"":""1101501"",""Odds"":""1.1""}],""LotteryId"":11,""UseLastOdds"":1}"
"{""BetItems"":[{""BetMoney"":2,""BetNo"":""1101501"",""Odds"":""1.1""}],""LotteryId"":11,""UseLastOdds"":1}"
"{""BetItems"":[{""BetMoney"":2,""BetNo"":""1101501"",""Odds"":""1.1""}],""LotteryId"":11,""UseLastOdds"":1}"
"{""BetItems"":[{""BetMoney"":2,""BetNo"":""1101501"",""Odds"":""1.1""}],""LotteryId"":11,""UseLastOdds"":1}"
"{""BetItems"":[{""BetMoney"":2,""BetNo"":""1101501"",""Odds"":""1.1""}],""LotteryId"":11,""UseLastOdds"":1}"
"{""BetItems"":[{""BetMoney"":2,""BetNo"":""1101501"",""Odds"":""1.1""}],""LotteryId"":11,""UseLastOdds"":1}"
"{""BetItems"":[{""BetMoney"":2,""BetNo"":""1101501"",""Odds"":""1.1""}],""LotteryId"":11,""UseLastOdds"":1}"
"{""BetItems"":[{""BetMoney"":2,""BetNo"":""1101501"",""Odds"":""1.1""}],""LotteryId"":11,""UseLastOdds"":1}"
"{""BetItems"":[{""BetMoney"":2,""BetNo"":""1101501"",""Odds"":""1.1""}],""LotteryId"":11,""UseLastOdds"":1}"
"{""BetItems"":[{""BetMoney"":2,""BetNo"":""1101501"",""Odds"":""1.1""}],""LotteryId"":11,""UseLastOdds"":1}"
"{""BetItems"":[{""BetMoney"":2,""BetNo"":""1101501"",""Odds"":""1.1""}],""LotteryId"":11,""UseLastOdds"":1}"
"{""BetItems"":[{""BetMoney"":2,""BetNo"":""1101501"",""Odds"":""1.1""}],""LotteryId"":11,""UseLastOdds"":1}"
"{""BetItems"":[{""BetMoney"":2,""BetNo"":""1101501"",""Odds"":""1.1""}],""LotteryId"":11,""UseLastOdds"":1}"
"{""BetItems"":[{""BetMoney"":2,""BetNo"":""1101501"",""Odds"":""1.1""}],""LotteryId"":11,""UseLastOdds"":1}"
"{""BetItems"":[{""BetMoney"":2,""BetNo"":""1101501"",""Odds"":""1.1""}],""LotteryId"":11,""UseLastOdds"":1}"
"{""BetItems"":[{""BetMoney"":2,""BetNo"":""1101501"",""Odds"":""1.1""}],""LotteryId"":11,""UseLastOdds"":1}"
"{""BetItems"":[{""BetMoney"":2,""BetNo"":""1101501"",""Odds"":""1.1""}],""LotteryId"":11,""UseLastOdds"":1}"
"{""BetItems"":[{""BetMoney"":2,""BetNo"":""1101501"",""Odds"":""1.1""}],""LotteryId"":11,""UseLastOdds"":1}"
"{""BetItems"":[{""BetMoney"":2,""BetNo"":""1101501"",""Odds"":""1.1""}],""LotteryId"":11,""UseLastOdds"":1}"
"{""BetItems"":[{""BetMoney"":2,""BetNo"":""1101501"",""Odds"":""1.1""}],""LotteryId"":11,""UseLastOdds"":1}"
"{""BetItems"":[{""BetMoney"":2,""BetNo"":""1101501"",""Odds"":""1.1""}],""LotteryId"":11,""UseLastOdds"":1}"
"{""BetItems"":[{""BetMoney"":2,""BetNo"":""1101501"",""Odds"":""1.1""}],""LotteryId"":11,""UseLastOdds"":1}"
"{""BetItems"":[{""BetMoney"":2,""BetNo"":""1101501"",""Odds"":""1.1""}],""LotteryId"":11,""UseLastOdds"":1}"
"{""BetItems"":[{""BetMoney"":2,""BetNo"":""1101501"",""Odds"":""1.1""}],""LotteryId"":11,""UseLastOdds"":1}"
"{""BetItems"":[{""BetMoney"":2,""BetNo"":""1101501"",""Odds"":""1.1""}],""LotteryId"":11,""UseLastOdds"":1}"
"{""BetItems"":[{""BetMoney"":2,""BetNo"":""1101501"",""Odds"":""1.1""}],""LotteryId"":11,""UseLastOdds"":1}"
"{""BetItems"":[{""BetMoney"":2,""BetNo"":""1101501"",""Odds"":""1.1""}],""LotteryId"":11,""UseLastOdds"":1}"
"{""BetItems"":[{""BetMoney"":2,""BetNo"":""1101501"",""Odds"":""1.1""}],""LotteryId"":11,""UseLastOdds"":1}"
"{""BetItems"":[{""BetMoney"":2,""BetNo"":""1101501"",""Odds"":""1.1""}],""LotteryId"":11,""UseLastOdds"":1}"
"{""BetItems"":[{""BetMoney"":2,""BetNo"":""1101501"",""Odds"":""1.1""}],""LotteryId"":11,""UseLastOdds"":1}"
"{""BetItems"":[{""BetMoney"":2,""BetNo"":""1101501"",""Odds"":""1.1""}],""LotteryId"":11,""UseLastOdds"":1}"
"{""BetItems"":[{""BetMoney"":2,""BetNo"":""1101501"",""Odds"":""1.1""}],""LotteryId"":11,""UseLastOdds"":1}"
"{""BetItems"":[{""BetMoney"":2,""BetNo"":""1101501"",""Odds"":""1.1""}],""LotteryId"":11,""UseLastOdds"":1}"
"{""BetItems"":[{""BetMoney"":2,""BetNo"":""1101501"",""Odds"":""1.1""}],""LotteryId"":11,""UseLastOdds"":1}"
"{""BetItems"":[{""BetMoney"":2,""BetNo"":""1101501"",""Odds"":""1.1""}],""LotteryId"":11,""UseLastOdds"":1}"
"{""BetItems"":[{""BetMoney"":2,""BetNo"":""1101501"",""Odds"":""1.1""}],""LotteryId"":11,""UseLastOdds"":1}"
"{""BetItems"":[{""BetMoney"":2,""BetNo"":""1101501"",""Odds"":""1.1""}],""LotteryId"":11,""UseLastOdds"":1}"
"{""BetItems"":[{""BetMoney"":2,""BetNo"":""1101501"",""Odds"":""1.1""}],""LotteryId"":11,""UseLastOdds"":1}"
"{""BetItems"":[{""BetMoney"":2,""BetNo"":""1101501"",""Odds"":""1.1""}],""LotteryId"":11,""UseLastOdds"":1}"
"{""BetItems"":[{""BetMoney"":2,""BetNo"":""1101501"",""Odds"":""1.1""}],""LotteryId"":11,""UseLastOdds"":1}"
"{""BetItems"":[{""BetMoney"":2,""BetNo"":""1101501"",""Odds"":""1.1""}],""LotteryId"":11,""UseLastOdds"":1}"
"{""BetItems"":[{""BetMoney"":2,""BetNo"":""1101501"",""Odds"":""1.1""}],""LotteryId"":11,""UseLastOdds"":1}"
"{""BetItems"":[{""BetMoney"":2,""BetNo"":""1101501"",""Odds"":""1.1""}],""LotteryId"":11,""UseLastOdds"":1}"
"{""BetItems"":[{""BetMoney"":2,""BetNo"":""1101501"",""Odds"":""1.1""}],""LotteryId"":11,""UseLastOdds"":1}"
"{""BetItems"":[{""BetMoney"":2,""BetNo"":""1101501"",""Odds"":""1.1""}],""LotteryId"":11,""UseLastOdds"":1}"
"{""BetItems"":[{""BetMoney"":2,""BetNo"":""1101501"",""Odds"":""1.1""}],""LotteryId"":11,""UseLastOdds"":1}"
"{""BetItems"":[{""BetMoney"":2,""BetNo"":""1101501"",""Odds"":""1.1""}],""LotteryId"":11,""UseLastOdds"":1}"
"{""BetItems"":[{""BetMoney"":2,""BetNo"":""1101501"",""Odds"":""1.1""}],""LotteryId"":11,""UseLastOdds"":1}"
"{""BetItems"":[{""BetMoney"":2,""BetNo"":""1101501"",""Odds"":""1.1""}],""LotteryId"":11,""UseLastOdds"":1}"
"{""BetItems"":[{""BetMoney"":2,""BetNo"":""1101501"",""Odds"":""1.1""}],""LotteryId"":11,""UseLastOdds"":1}"
"{""BetItems"":[{""BetMoney"":2,""BetNo"":""1101501"",""Odds"":""1.1""}],""LotteryId"":11,""UseLastOdds"":1}"
"{""BetItems"":[{""BetMoney"":2,""BetNo"":""1101501"",""Odds"":""1.1""}],""LotteryId"":11,""UseLastOdds"":1}"
"{""BetItems"":[{""BetMoney"":2,""BetNo"":""1101501"",""Odds"":""1.1""}],""LotteryId"":11,""UseLastOdds"":1}"
"{""BetItems"":[{""BetMoney"":2,""BetNo"":""1101501"",""Odds"":""1.1""}],""LotteryId"":11,""UseLastOdds"":1}"
"{""BetItems"":[{""BetMoney"":2,""BetNo"":""1101501"",""Odds"":""1.1""}],""LotteryId"":11,""UseLastOdds"":1}"
"{""BetItems"":[{""BetMoney"":2,""BetNo"":""1101501"",""Odds"":""1.1""}],""LotteryId"":11,""UseLastOdds"":1}"
"{""BetItems"":[{""BetMoney"":2,""BetNo"":""1101501"",""Odds"":""1.1""}],""LotteryId"":11,""UseLastOdds"":1}"
"{""BetItems"":[{""BetMoney"":2,""BetNo"":""1101501"",""Odds"":""1.1""}],""LotteryId"":11,""UseLastOdds"":1}"
"{""BetItems"":[{""BetMoney"":2,""BetNo"":""1101501"",""Odds"":""1.1""}],""LotteryId"":11,""UseLastOdds"":1}"
"{""BetItems"":[{""BetMoney"":2,""BetNo"":""1101501"",""Odds"":""1.1""}],""LotteryId"":11,""UseLastOdds"":1}"
"{""BetItems"":[{""BetMoney"":2,""BetNo"":""1101501"",""Odds"":""1.1""}],""LotteryId"":11,""UseLastOdds"":1}"
"{""BetItems"":[{""BetMoney"":2,""BetNo"":""1101501"",""Odds"":""1.1""}],""LotteryId"":11,""UseLastOdds"":1}"
"{""BetItems"":[{""BetMoney"":2,""BetNo"":""1101501"",""Odds"":""1.1""}],""LotteryId"":11,""UseLastOdds"":1}"
"{""BetItems"":[{""BetMoney"":2,""BetNo"":""1101501"",""Odds"":""1.1""}],""LotteryId"":11,""UseLastOdds"":1}"
"{""BetItems"":[{""BetMoney"":2,""BetNo"":""1101501"",""Odds"":""1.1""}],""LotteryId"":11,""UseLastOdds"":1}"
"{""BetItems"":[{""BetMoney"":2,""BetNo"":""1101501"",""Odds"":""1.1""}],""LotteryId"":11,""UseLastOdds"":1}"
"{""BetItems"":[{""BetMoney"":2,""BetNo"":""1101501"",""Odds"":""1.1""}],""LotteryId"":11,""UseLastOdds"":1}"
"{""BetItems"":[{""BetMoney"":2,""BetNo"":""1101501"",""Odds"":""1.1""}],""LotteryId"":11,""UseLastOdds"":1}"
"{""BetItems"":[{""BetMoney"":2,""BetNo"":""1101501"",""Odds"":""1.1""}],""LotteryId"":11,""UseLastOdds"":1}"
"{""BetItems"":[{""BetMoney"":2,""BetNo"":""1101501"",""Odds"":""1.1""}],""LotteryId"":11,""UseLastOdds"":1}"
"{""BetItems"":[{""BetMoney"":2,""BetNo"":""1101501"",""Odds"":""1.1""}],""LotteryId"":11,""UseLastOdds"":1}"
"{""BetItems"":[{""BetMoney"":2,""BetNo"":""1101501"",""Odds"":""1.1""}],""LotteryId"":11,""UseLastOdds"":1}"
"{""BetItems"":[{""BetMoney"":2,""BetNo"":""1101501"",""Odds"":""1.1""}],""LotteryId"":11,""UseLastOdds"":1}"
"{""BetItems"":[{""BetMoney"":2,""BetNo"":""1101501"",""Odds"":""1.1""}],""LotteryId"":11,""UseLastOdds"":1}"
"{""BetItems"":[{""BetMoney"":2,""BetNo"":""1101501"",""Odds"":""1.1""}],""LotteryId"":11,""UseLastOdds"":1}"
"{""BetItems"":[{""BetMoney"":2,""BetNo"":""1101501"",""Odds"":""1.1""}],""LotteryId"":11,""UseLastOdds"":1}"
"{""BetItems"":[{""BetMoney"":2,""BetNo"":""1101501"",""Odds"":""1.1""}],""LotteryId"":11,""UseLastOdds"":1}"
"{""BetItems"":[{""BetMoney"":2,""BetNo"":""1101501"",""Odds"":""1.1""}],""LotteryId"":11,""UseLastOdds"":1}"
"{""BetItems"":[{""BetMoney"":2,""BetNo"":""1101501"",""Odds"":""1.1""}],""LotteryId"":11,""UseLastOdds"":1}"
"{""BetItems"":[{""BetMoney"":2,""BetNo"":""1101501"",""Odds"":""1.1""}],""LotteryId"":11,""UseLastOdds"":1}"
"{""BetItems"":[{""BetMoney"":2,""BetNo"":""1101501"",""Odds"":""1.1""}],""LotteryId"":11,""UseLastOdds"":1}"
"{""BetItems"":[{""BetMoney"":2,""BetNo"":""1101501"",""Odds"":""1.1""}],""LotteryId"":11,""UseLastOdds"":1}"
"{""BetItems"":[{""BetMoney"":2,""BetNo"":""1101501"",""Odds"":""1.1""}],""LotteryId"":11,""UseLastOdds"":1}"
"{""BetItems"":[{""BetMoney"":2,""BetNo"":""1101501"",""Odds"":""1.1""}],""LotteryId"":11,""UseLastOdds"":1}"
"{""BetItems"":[{""BetMoney"":2,""BetNo"":""1101501"",""Odds"":""1.1""}],""LotteryId"":11,""UseLastOdds"":1}"
"{""BetItems"":[{""BetMoney"":2,""BetNo"":""1101501"",""Odds"":""1.1""}],""LotteryId"":11,""UseLastOdds"":1}"
"{""BetItems"":[{""BetMoney"":2,""BetNo"":""1101501"",""Odds"":""1.1""}],""LotteryId"":11,""UseLastOdds"":1}"
"{""BetItems"":[{""BetMoney"":2,""BetNo"":""1101501"",""Odds"":""1.1""}],""LotteryId"":11,""UseLastOdds"":1}"
"{""BetItems"":[{""BetMoney"":2,""BetNo"":""1101501"",""Odds"":""1.1""}],""LotteryId"":11,""UseLastOdds"":1}"
"{""BetItems"":[{""BetMoney"":2,""BetNo"":""1101501"",""Odds"":""1.1""}],""LotteryId"":11,""UseLastOdds"":1}"
"{""BetItems"":[{""BetMoney"":2,""BetNo"":""1101501"",""Odds"":""1.1""}],""LotteryId"":11,""UseLastOdds"":1}"
"{""BetItems"":[{""BetMoney"":2,""BetNo"":""1101501"",""Odds"":""1.1""}],""LotteryId"":11,""UseLastOdds"":1}"
"{""BetItems"":[{""BetMoney"":2,""BetNo"":""1101501"",""Odds"":""1.1""}],""LotteryId"":11,""UseLastOdds"":1}"
"{""BetItems"":[{""BetMoney"":2,""BetNo"":""1101501"",""Odds"":""1.1""}],""LotteryId"":11,""UseLastOdds"":1}"
"{""BetItems"":[{""BetMoney"":2,""BetNo"":""1101501"",""Odds"":""1.1""}],""LotteryId"":11,""UseLastOdds"":1}"
"{""BetItems"":[{""BetMoney"":2,""BetNo"":""1101501"",""Odds"":""1.1""}],""LotteryId"":11,""UseLastOdds"":1}"
"{""BetItems"":[{""BetMoney"":2,""BetNo"":""1101501"",""Odds"":""1.1""}],""LotteryId"":11,""UseLastOdds"":1}"
"{""BetItems"":[{""BetMoney"":2,""BetNo"":""1101501"",""Odds"":""1.1""}],""LotteryId"":11,""UseLastOdds"":1}"
"{""BetItems"":[{""BetMoney"":2,""BetNo"":""1101501"",""Odds"":""1.1""}],""LotteryId"":11,""UseLastOdds"":1}"
"{""BetItems"":[{""BetMoney"":2,""BetNo"":""1101501"",""Odds"":""1.1""}],""LotteryId"":11,""UseLastOdds"":1}"
"{""BetItems"":[{""BetMoney"":2,""BetNo"":""1101501"",""Odds"":""1.1""}],""LotteryId"":11,""UseLastOdds"":1}"
