mem1_1,a
mem1_2,a
mem1_3,a
mem1_4,a
mem1_5,a
mem1_6,a
mem1_7,a
mem1_8,a
mem1_9,a
mem1_10,a
mem1_11,a
mem1_12,a
mem1_13,a
mem1_14,a
mem1_15,a
mem1_16,a
mem1_17,a
mem1_18,a
mem1_19,a
mem1_20,a
mem1_21,a
mem1_22,a
mem1_23,a
mem1_24,a
mem1_25,a
mem1_26,a
mem1_27,a
mem1_28,a
mem1_29,a
mem1_30,a
mem1_31,a
mem1_32,a
mem1_33,a
mem1_34,a
mem1_35,a
mem1_36,a
mem1_37,a
mem1_38,a
mem1_39,a
mem1_40,a
mem1_41,a
mem1_42,a
mem1_43,a
mem1_44,a
mem1_45,a
mem1_46,a
mem1_47,a
mem1_48,a
mem1_49,a
mem1_50,a
mem1_51,a
mem1_52,a
mem1_53,a
mem1_54,a
mem1_55,a
mem1_56,a
mem1_57,a
mem1_58,a
mem1_59,a
mem1_60,a
mem1_61,a
mem1_62,a
mem1_63,a
mem1_64,a
mem1_65,a
mem1_66,a
mem1_67,a
mem1_68,a
mem1_69,a
mem1_70,a
mem1_71,a
mem1_72,a
mem1_73,a
mem1_74,a
mem1_75,a
mem1_76,a
mem1_77,a
mem1_78,a
mem1_79,a
mem1_80,a
mem1_81,a
mem1_82,a
mem1_83,a
mem1_84,a
mem1_85,a
mem1_86,a
mem1_87,a
mem1_88,a
mem1_89,a
mem1_90,a
mem1_91,a
mem1_92,a
mem1_93,a
mem1_94,a
mem1_95,a
mem1_96,a
mem1_97,a
mem1_98,a
mem1_99,a
mem1_100,a
mem1_101,a
mem1_102,a
mem1_103,a
mem1_104,a
mem1_105,a
mem1_106,a
mem1_107,a
mem1_108,a
mem1_109,a
mem1_110,a
mem1_111,a
mem1_112,a
mem1_113,a
mem1_114,a
mem1_115,a
mem1_116,a
mem1_117,a
mem1_118,a
mem1_119,a
mem1_120,a
mem1_121,a
mem1_122,a
mem1_123,a
mem1_124,a
mem1_125,a
mem1_126,a
mem1_127,a
mem1_128,a
mem1_129,a
mem1_130,a
mem1_131,a
mem1_132,a
mem1_133,a
mem1_134,a
mem1_135,a
mem1_136,a
mem1_137,a
mem1_138,a
mem1_139,a
mem1_140,a
mem1_141,a
mem1_142,a
mem1_143,a
mem1_144,a
mem1_145,a
mem1_146,a
mem1_147,a
mem1_148,a
mem1_149,a
mem1_150,a
mem1_151,a
mem1_152,a
mem1_153,a
mem1_154,a
mem1_155,a
mem1_156,a
mem1_157,a
mem1_158,a
mem1_159,a
mem1_160,a
mem1_161,a
mem1_162,a
mem1_163,a
mem1_164,a
mem1_165,a
mem1_166,a
mem1_167,a
mem1_168,a
mem1_169,a
mem1_170,a
mem1_171,a
mem1_172,a
mem1_173,a
mem1_174,a
mem1_175,a
mem1_176,a
mem1_177,a
mem1_178,a
mem1_179,a
mem1_180,a
mem1_181,a
mem1_182,a
mem1_183,a
mem1_184,a
mem1_185,a
mem1_186,a
mem1_187,a
mem1_188,a
mem1_189,a
mem1_190,a
mem1_191,a
mem1_192,a
mem1_193,a
mem1_194,a
mem1_195,a
mem1_196,a
mem1_197,a
mem1_198,a
mem1_199,a
mem1_200,a
mem1_201,a
mem1_202,a
mem1_203,a
mem1_204,a
mem1_205,a
mem1_206,a
mem1_207,a
mem1_208,a
mem1_209,a
mem1_210,a
mem1_211,a
mem1_212,a
mem1_213,a
mem1_214,a
mem1_215,a
mem1_216,a
mem1_217,a
mem1_218,a
mem1_219,a
mem1_220,a
mem1_221,a
mem1_222,a
mem1_223,a
mem1_224,a
mem1_225,a
mem1_226,a
mem1_227,a
mem1_228,a
mem1_229,a
mem1_230,a
mem1_231,a
mem1_232,a
mem1_233,a
mem1_234,a
mem1_235,a
mem1_236,a
mem1_237,a
mem1_238,a
mem1_239,a
mem1_240,a
mem1_241,a
mem1_242,a
mem1_243,a
mem1_244,a
mem1_245,a
mem1_246,a
mem1_247,a
mem1_248,a
mem1_249,a
mem1_250,a
mem1_251,a
mem1_252,a
mem1_253,a
mem1_254,a
mem1_255,a
mem1_256,a
mem1_257,a
mem1_258,a
mem1_259,a
mem1_260,a
mem1_261,a
mem1_262,a
mem1_263,a
mem1_264,a
mem1_265,a
mem1_266,a
mem1_267,a
mem1_268,a
mem1_269,a
mem1_270,a
mem1_271,a
mem1_272,a
mem1_273,a
mem1_274,a
mem1_275,a
mem1_276,a
mem1_277,a
mem1_278,a
mem1_279,a
mem1_280,a
mem1_281,a
mem1_282,a
mem1_283,a
mem1_284,a
mem1_285,a
mem1_286,a
mem1_287,a
mem1_288,a
mem1_289,a
mem1_290,a
mem1_291,a
mem1_292,a
mem1_293,a
mem1_294,a
mem1_295,a
mem1_296,a
mem1_297,a
mem1_298,a
mem1_299,a
mem1_300,a
mem1_301,a
mem1_302,a
mem1_303,a
mem1_304,a
mem1_305,a
mem1_306,a
mem1_307,a
mem1_308,a
mem1_309,a
mem1_310,a
mem1_311,a
mem1_312,a
mem1_313,a
mem1_314,a
mem1_315,a
mem1_316,a
mem1_317,a
mem1_318,a
mem1_319,a
mem1_320,a
mem1_321,a
mem1_322,a
mem1_323,a
mem1_324,a
mem1_325,a
mem1_326,a
mem1_327,a
mem1_328,a
mem1_329,a
mem1_330,a
mem1_331,a
mem1_332,a
mem1_333,a
mem1_334,a
mem1_335,a
mem1_336,a
mem1_337,a
mem1_338,a
mem1_339,a
mem1_340,a
mem1_341,a
mem1_342,a
mem1_343,a
mem1_344,a
mem1_345,a
mem1_346,a
mem1_347,a
mem1_348,a
mem1_349,a
mem1_350,a
mem1_351,a
mem1_352,a
mem1_353,a
mem1_354,a
mem1_355,a
mem1_356,a
mem1_357,a
mem1_358,a
mem1_359,a
mem1_360,a
mem1_361,a
mem1_362,a
mem1_363,a
mem1_364,a
mem1_365,a
mem1_366,a
mem1_367,a
mem1_368,a
mem1_369,a
mem1_370,a
mem1_371,a
mem1_372,a
mem1_373,a
mem1_374,a
mem1_375,a
mem1_376,a
mem1_377,a
mem1_378,a
mem1_379,a
mem1_380,a
mem1_381,a
mem1_382,a
mem1_383,a
mem1_384,a
mem1_385,a
mem1_386,a
mem1_387,a
mem1_388,a
mem1_389,a
mem1_390,a
mem1_391,a
mem1_392,a
mem1_393,a
mem1_394,a
mem1_395,a
mem1_396,a
mem1_397,a
mem1_398,a
mem1_399,a
mem1_400,a
mem1_401,a
mem1_402,a
mem1_403,a
mem1_404,a
mem1_405,a
mem1_406,a
mem1_407,a
mem1_408,a
mem1_409,a
mem1_410,a
mem1_411,a
mem1_412,a
mem1_413,a
mem1_414,a
mem1_415,a
mem1_416,a
mem1_417,a
mem1_418,a
mem1_419,a
mem1_420,a
mem1_421,a
mem1_422,a
mem1_423,a
mem1_424,a
mem1_425,a
mem1_426,a
mem1_427,a
mem1_428,a
mem1_429,a
mem1_430,a
mem1_431,a
mem1_432,a
mem1_433,a
mem1_434,a
mem1_435,a
mem1_436,a
mem1_437,a
mem1_438,a
mem1_439,a
mem1_440,a
mem1_441,a
mem1_442,a
mem1_443,a
mem1_444,a
mem1_445,a
mem1_446,a
mem1_447,a
mem1_448,a
mem1_449,a
mem1_450,a
mem1_451,a
mem1_452,a
mem1_453,a
mem1_454,a
mem1_455,a
mem1_456,a
mem1_457,a
mem1_458,a
mem1_459,a
mem1_460,a
mem1_461,a
mem1_462,a
mem1_463,a
mem1_464,a
mem1_465,a
mem1_466,a
mem1_467,a
mem1_468,a
mem1_469,a
mem1_470,a
mem1_471,a
mem1_472,a
mem1_473,a
mem1_474,a
mem1_475,a
mem1_476,a
mem1_477,a
mem1_478,a
mem1_479,a
mem1_480,a
mem1_481,a
mem1_482,a
mem1_483,a
mem1_484,a
mem1_485,a
mem1_486,a
mem1_487,a
mem1_488,a
mem1_489,a
mem1_490,a
mem1_491,a
mem1_492,a
mem1_493,a
mem1_494,a
mem1_495,a
mem1_496,a
mem1_497,a
mem1_498,a
mem1_499,a
mem1_500,a
mem1_501,a
mem1_502,a
mem1_503,a
mem1_504,a
mem1_505,a
mem1_506,a
mem1_507,a
mem1_508,a
mem1_509,a
mem1_510,a
mem1_511,a
mem1_512,a
mem1_513,a
mem1_514,a
mem1_515,a
mem1_516,a
mem1_517,a
mem1_518,a
mem1_519,a
mem1_520,a
mem1_521,a
mem1_522,a
mem1_523,a
mem1_524,a
mem1_525,a
mem1_526,a
mem1_527,a
mem1_528,a
mem1_529,a
mem1_530,a
mem1_531,a
mem1_532,a
mem1_533,a
mem1_534,a
mem1_535,a
mem1_536,a
mem1_537,a
mem1_538,a
mem1_539,a
mem1_540,a
mem1_541,a
mem1_542,a
mem1_543,a
mem1_544,a
mem1_545,a
mem1_546,a
mem1_547,a
mem1_548,a
mem1_549,a
mem1_550,a
mem1_551,a
mem1_552,a
mem1_553,a
mem1_554,a
mem1_555,a
mem1_556,a
mem1_557,a
mem1_558,a
mem1_559,a
mem1_560,a
mem1_561,a
mem1_562,a
mem1_563,a
mem1_564,a
mem1_565,a
mem1_566,a
mem1_567,a
mem1_568,a
mem1_569,a
mem1_570,a
mem1_571,a
mem1_572,a
mem1_573,a
mem1_574,a
mem1_575,a
mem1_576,a
mem1_577,a
mem1_578,a
mem1_579,a
mem1_580,a
mem1_581,a
mem1_582,a
mem1_583,a
mem1_584,a
mem1_585,a
mem1_586,a
mem1_587,a
mem1_588,a
mem1_589,a
mem1_590,a
mem1_591,a
mem1_592,a
mem1_593,a
mem1_594,a
mem1_595,a
mem1_596,a
mem1_597,a
mem1_598,a
mem1_599,a
mem1_600,a
mem1_601,a
mem1_602,a
mem1_603,a
mem1_604,a
mem1_605,a
mem1_606,a
mem1_607,a
mem1_608,a
mem1_609,a
mem1_610,a
mem1_611,a
mem1_612,a
mem1_613,a
mem1_614,a
mem1_615,a
mem1_616,a
mem1_617,a
mem1_618,a
mem1_619,a
mem1_620,a
mem1_621,a
mem1_622,a
mem1_623,a
mem1_624,a
mem1_625,a
mem1_626,a
mem1_627,a
mem1_628,a
mem1_629,a
mem1_630,a
mem1_631,a
mem1_632,a
mem1_633,a
mem1_634,a
mem1_635,a
mem1_636,a
mem1_637,a
mem1_638,a
mem1_639,a
mem1_640,a
mem1_641,a
mem1_642,a
mem1_643,a
mem1_644,a
mem1_645,a
mem1_646,a
mem1_647,a
mem1_648,a
mem1_649,a
mem1_650,a
mem1_651,a
mem1_652,a
mem1_653,a
mem1_654,a
mem1_655,a
mem1_656,a
mem1_657,a
mem1_658,a
mem1_659,a
mem1_660,a
mem1_661,a
mem1_662,a
mem1_663,a
mem1_664,a
mem1_665,a
mem1_666,a
mem1_667,a
mem1_668,a
mem1_669,a
mem1_670,a
mem1_671,a
mem1_672,a
mem1_673,a
mem1_674,a
mem1_675,a
mem1_676,a
mem1_677,a
mem1_678,a
mem1_679,a
mem1_680,a
mem1_681,a
mem1_682,a
mem1_683,a
mem1_684,a
mem1_685,a
mem1_686,a
mem1_687,a
mem1_688,a
mem1_689,a
mem1_690,a
mem1_691,a
mem1_692,a
mem1_693,a
mem1_694,a
mem1_695,a
mem1_696,a
mem1_697,a
mem1_698,a
mem1_699,a
mem1_700,a
mem1_701,a
mem1_702,a
mem1_703,a
mem1_704,a
mem1_705,a
mem1_706,a
mem1_707,a
mem1_708,a
mem1_709,a
mem1_710,a
mem1_711,a
mem1_712,a
mem1_713,a
mem1_714,a
mem1_715,a
mem1_716,a
mem1_717,a
mem1_718,a
mem1_719,a
mem1_720,a
mem1_721,a
mem1_722,a
mem1_723,a
mem1_724,a
mem1_725,a
mem1_726,a
mem1_727,a
mem1_728,a
mem1_729,a
mem1_730,a
mem1_731,a
mem1_732,a
mem1_733,a
mem1_734,a
mem1_735,a
mem1_736,a
mem1_737,a
mem1_738,a
mem1_739,a
mem1_740,a
mem1_741,a
mem1_742,a
mem1_743,a
mem1_744,a
mem1_745,a
mem1_746,a
mem1_747,a
mem1_748,a
mem1_749,a
mem1_750,a
mem1_751,a
mem1_752,a
mem1_753,a
mem1_754,a
mem1_755,a
mem1_756,a
mem1_757,a
mem1_758,a
mem1_759,a
mem1_760,a
mem1_761,a
mem1_762,a
mem1_763,a
mem1_764,a
mem1_765,a
mem1_766,a
mem1_767,a
mem1_768,a
mem1_769,a
mem1_770,a
mem1_771,a
mem1_772,a
mem1_773,a
mem1_774,a
mem1_775,a
mem1_776,a
mem1_777,a
mem1_778,a
mem1_779,a
mem1_780,a
mem1_781,a
mem1_782,a
mem1_783,a
mem1_784,a
mem1_785,a
mem1_786,a
mem1_787,a
mem1_788,a
mem1_789,a
mem1_790,a
mem1_791,a
mem1_792,a
mem1_793,a
mem1_794,a
mem1_795,a
mem1_796,a
mem1_797,a
mem1_798,a
mem1_799,a
mem1_800,a
mem1_801,a
mem1_802,a
mem1_803,a
mem1_804,a
mem1_805,a
mem1_806,a
mem1_807,a
mem1_808,a
mem1_809,a
mem1_810,a
mem1_811,a
mem1_812,a
mem1_813,a
mem1_814,a
mem1_815,a
mem1_816,a
mem1_817,a
mem1_818,a
mem1_819,a
mem1_820,a
mem1_821,a
mem1_822,a
mem1_823,a
mem1_824,a
mem1_825,a
mem1_826,a
mem1_827,a
mem1_828,a
mem1_829,a
mem1_830,a
mem1_831,a
mem1_832,a
mem1_833,a
mem1_834,a
mem1_835,a
mem1_836,a
mem1_837,a
mem1_838,a
mem1_839,a
mem1_840,a
mem1_841,a
mem1_842,a
mem1_843,a
mem1_844,a
mem1_845,a
mem1_846,a
mem1_847,a
mem1_848,a
mem1_849,a
mem1_850,a
mem1_851,a
mem1_852,a
mem1_853,a
mem1_854,a
mem1_855,a
mem1_856,a
mem1_857,a
mem1_858,a
mem1_859,a
mem1_860,a
mem1_861,a
mem1_862,a
mem1_863,a
mem1_864,a
mem1_865,a
mem1_866,a
mem1_867,a
mem1_868,a
mem1_869,a
mem1_870,a
mem1_871,a
mem1_872,a
mem1_873,a
mem1_874,a
mem1_875,a
mem1_876,a
mem1_877,a
mem1_878,a
mem1_879,a
mem1_880,a
mem1_881,a
mem1_882,a
mem1_883,a
mem1_884,a
mem1_885,a
mem1_886,a
mem1_887,a
mem1_888,a
mem1_889,a
mem1_890,a
mem1_891,a
mem1_892,a
mem1_893,a
mem1_894,a
mem1_895,a
mem1_896,a
mem1_897,a
mem1_898,a
mem1_899,a
mem1_900,a
mem1_901,a
mem1_902,a
mem1_903,a
mem1_904,a
mem1_905,a
mem1_906,a
mem1_907,a
mem1_908,a
mem1_909,a
mem1_910,a
mem1_911,a
mem1_912,a
mem1_913,a
mem1_914,a
mem1_915,a
mem1_916,a
mem1_917,a
mem1_918,a
mem1_919,a
mem1_920,a
mem1_921,a
mem1_922,a
mem1_923,a
mem1_924,a
mem1_925,a
mem1_926,a
mem1_927,a
mem1_928,a
mem1_929,a
mem1_930,a
mem1_931,a
mem1_932,a
mem1_933,a
mem1_934,a
mem1_935,a
mem1_936,a
mem1_937,a
mem1_938,a
mem1_939,a
mem1_940,a
mem1_941,a
mem1_942,a
mem1_943,a
mem1_944,a
mem1_945,a
mem1_946,a
mem1_947,a
mem1_948,a
mem1_949,a
mem1_950,a
mem1_951,a
mem1_952,a
mem1_953,a
mem1_954,a
mem1_955,a
mem1_956,a
mem1_957,a
mem1_958,a
mem1_959,a
mem1_960,a
mem1_961,a
mem1_962,a
mem1_963,a
mem1_964,a
mem1_965,a
mem1_966,a
mem1_967,a
mem1_968,a
mem1_969,a
mem1_970,a
mem1_971,a
mem1_972,a
mem1_973,a
mem1_974,a
mem1_975,a
mem1_976,a
mem1_977,a
mem1_978,a
mem1_979,a
mem1_980,a
mem1_981,a
mem1_982,a
mem1_983,a
mem1_984,a
mem1_985,a
mem1_986,a
mem1_987,a
mem1_988,a
mem1_989,a
mem1_990,a
mem1_991,a
mem1_992,a
mem1_993,a
mem1_994,a
mem1_995,a
mem1_996,a
mem1_997,a
mem1_998,a
mem1_999,a
mem1_1000,a
mem1_1001,a
mem1_1002,a
mem1_1003,a
mem1_1004,a
mem1_1005,a
mem1_1006,a
mem1_1007,a
mem1_1008,a
mem1_1009,a
mem1_1010,a
mem1_1011,a
mem1_1012,a
mem1_1013,a
mem1_1014,a
mem1_1015,a
mem1_1016,a
mem1_1017,a
mem1_1018,a
mem1_1019,a
mem1_1020,a
mem1_1021,a
mem1_1022,a
mem1_1023,a
mem1_1024,a
mem1_1025,a
mem1_1026,a
mem1_1027,a
mem1_1028,a
mem1_1029,a
mem1_1030,a
mem1_1031,a
mem1_1032,a
mem1_1033,a
mem1_1034,a
mem1_1035,a
mem1_1036,a
mem1_1037,a
mem1_1038,a
mem1_1039,a
mem1_1040,a
mem1_1041,a
mem1_1042,a
mem1_1043,a
mem1_1044,a
mem1_1045,a
mem1_1046,a
mem1_1047,a
mem1_1048,a
mem1_1049,a
mem1_1050,a
mem1_1051,a
mem1_1052,a
mem1_1053,a
mem1_1054,a
mem1_1055,a
mem1_1056,a
mem1_1057,a
mem1_1058,a
mem1_1059,a
mem1_1060,a
mem1_1061,a
mem1_1062,a
mem1_1063,a
mem1_1064,a
mem1_1065,a
mem1_1066,a
mem1_1067,a
mem1_1068,a
mem1_1069,a
mem1_1070,a
mem1_1071,a
mem1_1072,a
mem1_1073,a
mem1_1074,a
mem1_1075,a
mem1_1076,a
mem1_1077,a
mem1_1078,a
mem1_1079,a
mem1_1080,a
mem1_1081,a
mem1_1082,a
mem1_1083,a
mem1_1084,a
mem1_1085,a
mem1_1086,a
mem1_1087,a
mem1_1088,a
mem1_1089,a
mem1_1090,a
mem1_1091,a
mem1_1092,a
mem1_1093,a
mem1_1094,a
mem1_1095,a
mem1_1096,a
mem1_1097,a
mem1_1098,a
mem1_1099,a
mem1_1100,a
mem1_1101,a
mem1_1102,a
mem1_1103,a
mem1_1104,a
mem1_1105,a
mem1_1106,a
mem1_1107,a
mem1_1108,a
mem1_1109,a
mem1_1110,a
mem1_1111,a
mem1_1112,a
mem1_1113,a
mem1_1114,a
mem1_1115,a
mem1_1116,a
mem1_1117,a
mem1_1118,a
mem1_1119,a
mem1_1120,a
mem1_1121,a
mem1_1122,a
mem1_1123,a
mem1_1124,a
mem1_1125,a
mem1_1126,a
mem1_1127,a
mem1_1128,a
mem1_1129,a
mem1_1130,a
mem1_1131,a
mem1_1132,a
mem1_1135,a
mem1_1136,a
mem1_1137,a
mem1_1138,a
mem1_1139,a
mem1_1140,a
mem1_1141,a
mem1_1142,a
mem1_1143,a
mem1_1144,a
mem1_1145,a
mem1_1146,a
mem1_1147,a
mem1_1148,a
mem1_1150,a
mem1_1151,a
mem1_1152,a
mem1_1153,a
mem1_1154,a
mem1_1155,a
mem1_1156,a
mem1_1157,a
mem1_1158,a
mem1_1159,a
mem1_1160,a
mem1_1161,a
mem1_1162,a
mem1_1163,a
mem1_1164,a
mem1_1165,a
mem1_1166,a
mem1_1167,a
mem1_1168,a
mem1_1169,a
mem1_1170,a
mem1_1171,a
mem1_1172,a
mem1_1173,a
mem1_1174,a
mem1_1175,a
mem1_1176,a
mem1_1177,a
mem1_1178,a
mem1_1179,a
mem1_1180,a
mem1_1181,a
mem1_1182,a
mem1_1183,a
mem1_1184,a
mem1_1185,a
mem1_1186,a
mem1_1187,a
mem1_1188,a
mem1_1189,a
mem1_1190,a
mem1_1191,a
mem1_1192,a
mem1_1193,a
mem1_1194,a
mem1_1195,a
mem1_1196,a
mem1_1197,a
mem1_1198,a
mem1_1199,a
mem1_1200,a
mem1_1201,a
mem1_1202,a
mem1_1203,a
mem1_1204,a
mem1_1205,a
mem1_1206,a
mem1_1207,a
mem1_1208,a
mem1_1209,a
mem1_1210,a
mem1_1211,a
mem1_1212,a
mem1_1213,a
mem1_1214,a
mem1_1215,a
mem1_1216,a
mem1_1217,a
mem1_1218,a
mem1_1219,a
mem1_1220,a
mem1_1221,a
mem1_1222,a
mem1_1223,a
mem1_1224,a
mem1_1225,a
mem1_1226,a
mem1_1227,a
mem1_1228,a
mem1_1229,a
mem1_1230,a
mem1_1231,a
mem1_1232,a
mem1_1233,a
mem1_1234,a
mem1_1235,a
mem1_1236,a
mem1_1237,a
mem1_1238,a
mem1_1239,a
mem1_1240,a
mem1_1241,a
mem1_1242,a
mem1_1243,a
mem1_1244,a
mem1_1245,a
mem1_1246,a
mem1_1247,a
mem1_1248,a
mem1_1249,a
mem1_1250,a
mem1_1251,a
mem1_1252,a
mem1_1253,a
mem1_1254,a
mem1_1255,a
mem1_1256,a
mem1_1257,a
mem1_1258,a
mem1_1259,a
mem1_1260,a
mem1_1261,a
mem1_1262,a
mem1_1263,a
mem1_1264,a
mem1_1265,a
mem1_1266,a
mem1_1267,a
mem1_1268,a
mem1_1269,a
mem1_1270,a
mem1_1271,a
mem1_1272,a
mem1_1273,a
mem1_1274,a
mem1_1275,a
mem1_1276,a
mem1_1277,a
mem1_1278,a
mem1_1279,a
mem1_1280,a
mem1_1281,a
mem1_1282,a
mem1_1283,a
mem1_1284,a
mem1_1285,a
mem1_1286,a
mem1_1287,a
mem1_1288,a
mem1_1289,a
mem1_1290,a
mem1_1291,a
mem1_1292,a
mem1_1293,a
mem1_1294,a
mem1_1295,a
mem1_1296,a
mem1_1297,a
mem1_1298,a
mem1_1299,a
mem1_1300,a
mem1_1301,a
mem1_1302,a
mem1_1303,a
mem1_1304,a
mem1_1305,a
mem1_1306,a
mem1_1307,a
mem1_1308,a
mem1_1309,a
mem1_1310,a
mem1_1311,a
mem1_1312,a
mem1_1313,a
mem1_1314,a
mem1_1315,a
mem1_1316,a
mem1_1317,a
mem1_1318,a
mem1_1319,a
mem1_1320,a
mem1_1321,a
mem1_1322,a
mem1_1323,a
mem1_1324,a
mem1_1325,a
mem1_1326,a
mem1_1327,a
mem1_1328,a
mem1_1329,a
mem1_1330,a
mem1_1331,a
mem1_1332,a
mem1_1333,a
mem1_1334,a
mem1_1335,a
mem1_1336,a
mem1_1337,a
mem1_1338,a
mem1_1339,a
mem1_1340,a
mem1_1341,a
mem1_1342,a
mem1_1343,a
mem1_1344,a
mem1_1345,a
mem1_1346,a
mem1_1347,a
mem1_1348,a
mem1_1349,a
mem1_1350,a
mem1_1351,a
mem1_1352,a
mem1_1353,a
mem1_1354,a
mem1_1355,a
mem1_1356,a
mem1_1357,a
mem1_1358,a
mem1_1359,a
mem1_1360,a
mem1_1361,a
mem1_1362,a
mem1_1363,a
mem1_1364,a
mem1_1365,a
mem1_1366,a
mem1_1367,a
mem1_1368,a
mem1_1369,a
mem1_1370,a
mem1_1371,a
mem1_1372,a
mem1_1373,a
mem1_1374,a
mem1_1375,a
mem1_1376,a
mem1_1377,a
mem1_1378,a
mem1_1379,a
mem1_1380,a
mem1_1381,a
mem1_1382,a
mem1_1383,a
mem1_1384,a
mem1_1385,a
mem1_1386,a
mem1_1387,a
mem1_1388,a
mem1_1389,a
mem1_1390,a
mem1_1391,a
mem1_1392,a
mem1_1393,a
mem1_1394,a
mem1_1395,a
mem1_1396,a
mem1_1397,a
mem1_1398,a
mem1_1399,a
mem1_1400,a
mem1_1401,a
mem1_1402,a
mem1_1403,a
mem1_1404,a
mem1_1405,a
mem1_1406,a
mem1_1407,a
mem1_1408,a
mem1_1409,a
mem1_1410,a
mem1_1411,a
mem1_1412,a
mem1_1413,a
mem1_1414,a
mem1_1415,a
mem1_1416,a
mem1_1417,a
mem1_1418,a
mem1_1419,a
mem1_1420,a
mem1_1421,a
mem1_1422,a
mem1_1423,a
mem1_1424,a
mem1_1425,a
mem1_1426,a
mem1_1427,a
mem1_1428,a
mem1_1429,a
mem1_1430,a
mem1_1431,a
mem1_1432,a
mem1_1433,a
mem1_1434,a
mem1_1435,a
mem1_1436,a
mem1_1437,a
mem1_1438,a
mem1_1439,a
mem1_1440,a
mem1_1441,a
mem1_1442,a
mem1_1443,a
mem1_1444,a
mem1_1445,a
mem1_1446,a
mem1_1447,a
mem1_1448,a
mem1_1449,a
mem1_1450,a
mem1_1451,a
mem1_1452,a
mem1_1453,a
mem1_1454,a
mem1_1455,a
mem1_1456,a
mem1_1457,a
mem1_1458,a
mem1_1459,a
mem1_1460,a
mem1_1461,a
mem1_1462,a
mem1_1463,a
mem1_1464,a
mem1_1465,a
mem1_1466,a
mem1_1467,a
mem1_1468,a
mem1_1469,a
mem1_1470,a
mem1_1471,a
mem1_1472,a
mem1_1473,a
mem1_1474,a
mem1_1475,a
mem1_1476,a
mem1_1477,a
mem1_1478,a
mem1_1479,a
mem1_1480,a
mem1_1481,a
mem1_1482,a
mem1_1483,a
mem1_1484,a
mem1_1485,a
mem1_1486,a
mem1_1487,a
mem1_1488,a
mem1_1489,a
mem1_1490,a
mem1_1491,a
mem1_1492,a
mem1_1493,a
mem1_1494,a
mem1_1495,a
mem1_1496,a
mem1_1497,a
mem1_1498,a
mem1_1499,a
mem1_1500,a
mem1_1501,a
mem1_1502,a
mem1_1503,a
