mem1_301,a
mem1_302,a
mem1_303,a
mem1_304,a
mem1_305,a
mem1_306,a
mem1_307,a
mem1_308,a
mem1_309,a
mem1_310,a
mem1_311,a
mem1_312,a
mem1_313,a
mem1_314,a
mem1_315,a
mem1_316,a
mem1_317,a
mem1_318,a
mem1_319,a
mem1_320,a
mem1_321,a
mem1_322,a
mem1_323,a
mem1_324,a
mem1_325,a
mem1_326,a
mem1_327,a
mem1_328,a
mem1_329,a
mem1_330,a
mem1_331,a
mem1_332,a
mem1_333,a
mem1_334,a
mem1_335,a
mem1_336,a
mem1_337,a
mem1_338,a
mem1_339,a
mem1_340,a
mem1_341,a
mem1_342,a
mem1_343,a
mem1_344,a
mem1_345,a
mem1_346,a
mem1_347,a
mem1_348,a
mem1_349,a
mem1_350,a
mem1_351,a
mem1_352,a
mem1_353,a
mem1_354,a
mem1_355,a
mem1_356,a
mem1_357,a
mem1_358,a
mem1_359,a
mem1_360,a
mem1_361,a
mem1_362,a
mem1_363,a
mem1_364,a
mem1_365,a
mem1_366,a
mem1_367,a
mem1_368,a
mem1_369,a
mem1_370,a
mem1_371,a
mem1_372,a
mem1_373,a
mem1_374,a
mem1_375,a
mem1_376,a
mem1_377,a
mem1_378,a
mem1_379,a
mem1_380,a
mem1_381,a
mem1_382,a
mem1_383,a
mem1_384,a
mem1_385,a
mem1_386,a
mem1_387,a
mem1_388,a
mem1_389,a
mem1_390,a
mem1_391,a
mem1_392,a
mem1_393,a
mem1_394,a
mem1_395,a
mem1_396,a
mem1_397,a
mem1_398,a
mem1_399,a
mem1_400,a
mem1_401,a
mem1_402,a
mem1_403,a
mem1_404,a
mem1_405,a
mem1_406,a
mem1_407,a
mem1_408,a
mem1_409,a
mem1_410,a
mem1_411,a
mem1_412,a
mem1_413,a
mem1_414,a
mem1_415,a
mem1_416,a
mem1_417,a
mem1_418,a
mem1_419,a
mem1_420,a
mem1_421,a
mem1_422,a
mem1_423,a
mem1_424,a
mem1_425,a
mem1_426,a
mem1_427,a
mem1_428,a
mem1_429,a
mem1_430,a
mem1_431,a
mem1_432,a
mem1_433,a
mem1_434,a
mem1_435,a
mem1_436,a
mem1_437,a
mem1_438,a
mem1_439,a
mem1_440,a
mem1_441,a
mem1_442,a
mem1_443,a
mem1_444,a
mem1_445,a
mem1_446,a
mem1_447,a
mem1_448,a
mem1_449,a
mem1_450,a
mem1_451,a
mem1_452,a
mem1_453,a
mem1_454,a
mem1_455,a
mem1_456,a
mem1_457,a
mem1_458,a
mem1_459,a
mem1_460,a
mem1_461,a
mem1_462,a
mem1_463,a
mem1_464,a
mem1_465,a
mem1_466,a
mem1_467,a
mem1_468,a
mem1_469,a
mem1_470,a
mem1_471,a
mem1_472,a
mem1_473,a
mem1_474,a
mem1_475,a
mem1_476,a
mem1_477,a
mem1_478,a
mem1_479,a
mem1_480,a
mem1_481,a
mem1_482,a
mem1_483,a
mem1_484,a
mem1_485,a
mem1_486,a
mem1_487,a
mem1_488,a
mem1_489,a
mem1_490,a
mem1_491,a
mem1_492,a
mem1_493,a
mem1_494,a
mem1_495,a
mem1_496,a
mem1_497,a
mem1_498,a
mem1_499,a
mem1_500,a
mem1_501,a
mem1_502,a
mem1_503,a
mem1_504,a
mem1_505,a
mem1_506,a
mem1_507,a
mem1_508,a
mem1_509,a
mem1_510,a
mem1_511,a
mem1_512,a
mem1_513,a
mem1_514,a
mem1_515,a
mem1_516,a
mem1_517,a
mem1_518,a
mem1_519,a
mem1_520,a
mem1_521,a
mem1_522,a
mem1_523,a
mem1_524,a
mem1_525,a
mem1_526,a
mem1_527,a
mem1_528,a
mem1_529,a
mem1_530,a
mem1_531,a
mem1_532,a
mem1_533,a
mem1_534,a
mem1_535,a
mem1_536,a
mem1_537,a
mem1_538,a
mem1_539,a
mem1_540,a
mem1_541,a
mem1_542,a
mem1_543,a
mem1_544,a
mem1_545,a
mem1_546,a
mem1_547,a
mem1_548,a
mem1_549,a
mem1_550,a
mem1_551,a
mem1_552,a
mem1_553,a
mem1_554,a
mem1_555,a
mem1_556,a
mem1_557,a
mem1_558,a
mem1_559,a
mem1_560,a
mem1_561,a
mem1_562,a
mem1_563,a
mem1_564,a
mem1_565,a
mem1_566,a
mem1_567,a
mem1_568,a
mem1_569,a
mem1_570,a
mem1_571,a
mem1_572,a
mem1_573,a
mem1_574,a
mem1_575,a
mem1_576,a
mem1_577,a
mem1_578,a
mem1_579,a
mem1_580,a
mem1_581,a
mem1_582,a
mem1_583,a
mem1_584,a
mem1_585,a
mem1_586,a
mem1_587,a
mem1_588,a
mem1_589,a
mem1_590,a
mem1_591,a
mem1_592,a
mem1_593,a
mem1_594,a
mem1_595,a
mem1_596,a
mem1_597,a
mem1_598,a
mem1_599,a
mem1_600,a